date,open,high,close,low,volume,price_change,p_change,ma5,ma10,ma20,v_ma5,v_ma10,v_ma20
2019-10-10,2923.71,2949.24,2947.71,2918.23,1342397.5,22.85,0.78,2924.7,2947.689,2977.108,1279504.6,1511415.49,1859915.64
2019-10-09,2902.08,2924.86,2924.86,2891.54,1304241.5,11.29,0.39,2920.976,2952.846,2977.593,1388890.17,1539866.35,1905543.71
2019-10-08,2905.76,2933.02,2913.57,2905.76,1255358.12,8.38,0.29,2927.09,2958.926,2977.857,1465128.15,1577488.9,1934832.24
2019-09-30,2927.92,2936.48,2905.19,2905.19,1166468.12,-26.98,-0.92,2941.444,2965.381,2978.384,1541862.05,1675291.14,1973457.74
2019-09-27,2929.49,2939.08,2932.17,2920.93,1329057.75,3.08,0.1,2955.822,2977.937,2977.437,1644847.33,1780523.28,2012114.31
2019-09-26,2964.48,2970.04,2929.09,2928.26,1889325.38,-26.34,-0.89,2970.678,2987.844,2975.374,1743326.38,1844586.2,2034967.97
2019-09-25,2977.67,2977.67,2955.43,2955.43,1685431.38,-29.91,-1.0,2984.716,2995.816,2973.608,1690842.52,1885491.01,2032050.65
2019-09-24,2979.48,3002.9,2985.34,2973.76,1639027.62,8.26,0.28,2990.762,3002.393,2970.946,1689849.65,1956960.82,2051849.98
2019-09-23,2998.4,2998.4,2977.08,2960.83,1681394.5,-29.37,-0.98,2989.318,3006.333,2964.857,1808720.22,2036435.81,2054846.28
2019-09-20,3004.81,3011.34,3006.45,2996.19,1821453.0,7.17,0.24,3000.052,3008.585,2960.875,1916199.22,2085122.39,2050354.97
2019-09-19,2992.92,2999.28,2999.28,2975.4,1626906.12,13.62,0.46,3005.01,3006.526,2954.724,1945846.02,2208415.79,2033885.42
2019-09-18,2984.08,2996.4,2985.66,2982.4,1680467.0,7.54,0.25,3006.916,3002.339,2948.777,2080139.5,2271221.08,2032049.95
2019-09-17,3023.71,3023.71,2978.12,2970.57,2233380.5,-52.63,-1.74,3014.024,2996.788,2943.494,2224072.0,2292175.59,2042865.2
2019-09-16,3041.92,3042.93,3030.75,3020.05,2218789.5,-0.49,-0.02,3023.348,2991.387,2938.743,2264151.4,2271624.35,2038469.51
2019-09-12,3016.63,3033.47,3031.24,3005.19,1969687.0,22.43,0.74,3017.118,2976.936,2928.396,2254045.55,2243705.35,2001821.21
2019-09-11,3029.93,3030.56,3008.81,3004.22,2298373.5,-12.39,-0.41,3008.042,2962.904,2917.624,2470985.55,2225349.74,1979722.94
2019-09-10,3027.41,3027.41,3021.2,3005.38,2400129.5,-3.54,-0.12,2997.762,2951.399,2907.629,2462302.65,2178610.29,1936811.58
2019-09-09,3023.78,3026.24,3024.74,3005.69,2433777.5,25.14,0.84,2979.552,2939.498,2896.432,2360279.17,2146739.14,1882263.36
2019-09-06,2996.62,2999.94,2999.6,2981.6,2168260.25,13.74,0.46,2959.426,2923.381,2885.945,2279097.3,2073256.75,1826356.2
2019-09-05,2972.66,3015.84,2985.86,2972.66,3054387.0,28.45,0.96,2936.754,2913.164,2874.702,2233365.15,2015587.55,1792063.33
2019-09-04,2927.75,2957.41,2957.41,2925.88,2254959.0,27.26,0.93,2917.766,2902.922,2865.137,1979713.92,1859355.06,1714113.76
2019-09-03,2925.94,2930.15,2930.15,2915.2,1890012.12,6.04,0.21,2905.036,2895.214,2855.7,1894917.92,1792878.82,1680224.19
2019-09-02,2886.94,2928.48,2924.11,2883.68,2027868.12,37.87,1.31,2899.444,2890.199,2848.071,1933199.1,1793554.81,1701285.44
2019-08-30,2907.38,2914.58,2886.24,2874.1,1939599.5,-4.68,-0.16,2887.336,2886.098,2842.94,1867416.2,1805314.67,1683601.75
2019-08-29,2896.0,2898.6,2890.92,2878.59,1786130.88,-2.84,-0.1,2889.574,2879.856,2842.02,1797809.95,1759937.07,1679065.99
2019-08-28,2901.63,2905.44,2893.76,2887.01,1830979.0,-8.43,-0.29,2888.078,2872.344,2842.913,1738996.2,1734096.14,1660954.36
2019-08-27,2879.52,2919.64,2902.19,2879.41,2081418.0,38.62,1.35,2885.392,2863.859,2844.85,1690839.72,1695012.87,1639931.58
2019-08-26,2851.02,2870.49,2863.57,2849.24,1698953.62,-33.86,-1.17,2880.954,2853.366,2847.358,1653910.52,1617787.57,1610018.91
2019-08-23,2885.15,2902.46,2897.43,2878.74,1591568.25,13.99,0.48,2884.86,2848.508,2851.23,1743213.15,1579455.65,1589067.16
2019-08-22,2887.66,2888.5,2883.44,2867.55,1492062.12,3.11,0.11,2870.138,2836.24,2853.585,1722064.2,1568539.11,1579160.44
2019-08-21,2875.47,2885.59,2880.33,2872.56,1590196.62,0.33,0.01,2856.61,2827.351,2856.281,1729196.07,1568872.46,1577399.53
2019-08-20,2879.08,2892.08,2880.0,2875.0,1896772.0,-3.1,-0.11,2842.326,2816.186,2858.429,1699186.03,1567569.55,1575512.58
2019-08-19,2835.52,2883.1,2883.1,2829.85,2145466.75,59.28,2.1,2825.778,2805.942,2859.426,1581664.63,1609016.08,1545329.23
2019-08-16,2817.57,2840.32,2823.82,2811.8,1485823.5,8.02,0.28,2812.156,2799.782,2859.619,1415698.15,1561888.83,1528393.38
2019-08-15,2762.34,2815.9,2815.8,2756.83,1527721.5,6.89,0.24,2802.342,2804.184,2864.638,1415014.03,1598194.91,1528836.98
2019-08-14,2824.49,2829.89,2808.91,2807.72,1440146.38,11.65,0.42,2798.092,2813.481,2868.907,1408548.85,1587812.58,1527395.31
2019-08-13,2798.05,2802.04,2797.26,2790.61,1309165.0,-17.73,-0.63,2790.046,2825.841,2875.046,1435953.08,1584850.29,1530203.8
2019-08-12,2781.98,2814.99,2814.99,2776.62,1315634.38,40.24,1.45,2786.106,2841.349,2882.064,1636367.53,1602250.25,1530651.42
2019-08-09,2805.59,2808.33,2774.75,2770.48,1482402.88,-19.8,-0.71,2787.408,2853.951,2888.424,1708079.5,1598678.66,1548691.41
2019-08-08,2784.18,2799.69,2794.55,2782.24,1495395.62,25.87,0.93,2806.026,2870.93,2896.214,1781375.8,1589781.76,1543468.64
2019-08-07,2789.02,2792.69,2768.68,2768.68,1577167.5,-8.88,-0.32,2828.87,2885.211,2902.375,1767076.3,1585926.59,1540545.12
2019-08-06,2776.99,2787.42,2777.56,2733.92,2311237.25,-43.94,-1.56,2861.636,2900.671,2909.706,1733747.5,1583455.6,1529428.52
2019-08-05,2854.58,2863.69,2821.5,2821.5,1674194.25,-46.34,-1.62,2896.592,2912.909,2917.239,1568132.97,1481642.39,1486421.96
2019-08-02,2861.33,2872.47,2867.84,2851.44,1848884.38,-40.93,-1.41,2920.494,2919.456,2922.832,1489277.82,1494897.92,1508482.88
2019-08-01,2920.85,2927.34,2908.77,2901.75,1423898.12,-23.74,-0.81,2935.834,2925.092,2929.993,1398187.72,1459479.04,1494416.37
2019-07-31,2944.4,2944.4,2932.51,2926.49,1410523.5,-19.83,-0.67,2941.552,2924.333,2934.817,1404776.88,1466978.05,1520429.04
2019-07-30,2946.26,2965.63,2952.34,2946.26,1483164.62,11.33,0.39,2939.706,2924.251,2938.955,1433163.7,1475557.31,1556050.95
2019-07-29,2943.92,2948.47,2941.01,2932.98,1279918.5,-3.53,-0.12,2929.226,2922.779,2943.535,1395151.8,1459052.6,1589153.03
2019-07-26,2928.06,2948.33,2944.54,2924.45,1393433.88,7.18,0.24,2918.418,2922.897,2948.729,1500518.02,1498704.15,1650577.32
2019-07-25,2923.19,2937.36,2937.36,2916.15,1456843.88,14.08,0.48,2914.35,2921.498,2950.446,1520770.35,1497155.52,1671621.39
2019-07-24,2907.93,2936.45,2923.28,2907.79,1552457.62,23.34,0.81,2907.114,2919.538,2953.418,1529179.22,1495163.66,1696477.72
2019-07-23,2886.9,2901.36,2899.94,2883.05,1293105.12,12.97,0.45,2908.796,2918.74,2956.068,1517950.92,1475401.44,1706079.61
2019-07-22,2925.79,2927.16,2886.97,2879.69,1806749.62,-37.23,-1.27,2916.332,2921.569,2960.174,1522953.4,1491201.52,1763273.98
2019-07-19,2909.68,2939.6,2924.2,2909.68,1494695.5,23.02,0.79,2927.376,2926.208,2966.233,1496890.27,1522067.84,1778183.44
2019-07-18,2921.74,2921.74,2901.18,2901.18,1498888.25,-30.51,-1.04,2928.646,2934.894,2970.122,1473540.7,1529353.71,1846935.58
2019-07-17,2933.02,2942.07,2931.69,2924.46,1496316.12,-5.93,-0.2,2931.962,2945.301,2974.419,1461148.1,1573880.03,1917496.93
2019-07-16,2938.64,2944.82,2937.62,2931.29,1318117.5,-4.57,-0.15,2928.684,2953.658,2973.725,1432851.95,1636544.59,1958059.61
2019-07-15,2921.55,2955.0,2942.19,2886.7,1676434.0,11.64,0.4,2926.806,2964.29,2971.352,1459449.65,1719253.46,1966006.4
2019-07-12,2915.34,2938.53,2930.55,2905.81,1377947.62,12.79,0.44,2925.04,2974.561,2968.623,1547245.4,1802450.49,1959167.18
2019-07-11,2928.06,2945.8,2917.76,2907.89,1436925.25,2.46,0.08,2941.142,2979.394,2966.194,1585166.73,1846087.25,1997987.7
2019-07-10,2935.19,2936.75,2915.3,2908.16,1354835.38,-12.93,-0.44,2958.64,2987.297,2965.843,1686611.95,1897791.78,2032620.34
2019-07-09,2928.82,2937.76,2928.23,2912.81,1451106.0,-5.13,-0.17,2978.632,2993.395,2965.547,1840237.23,1936757.78,2085006.46
2019-07-08,2997.81,2997.81,2933.36,2918.72,2115412.75,-77.7,-2.58,3001.774,2998.779,2965.422,1979057.28,2035346.43,2142714.06
2019-07-05,3004.74,3014.85,3011.06,2990.92,1567554.25,5.81,0.19,3024.082,3006.258,2961.36,2057655.58,2034299.05,2120236.38
2019-07-04,3015.68,3024.5,3005.25,2991.91,1944151.38,-10.01,-0.33,3017.646,3005.35,2952.197,2107007.78,2164517.45,2130390.87
2019-07-03,3031.83,3031.83,3015.26,3006.32,2122961.75,-28.68,-0.94,3015.954,3003.537,2945.006,2108971.6,2261113.84,2123963.82
2019-07-02,3042.58,3048.48,3043.94,3033.78,2145206.25,-0.96,-0.03,3008.158,2993.791,2937.357,2033278.33,2279574.64,2112047.51
2019-07-01,3024.62,3045.37,3044.9,3014.69,2508404.25,66.02,2.22,2995.784,2978.413,2929.664,2091635.58,2212759.34,2112758.97
2019-06-28,2992.24,2992.24,2978.88,2961.22,1814315.25,-17.91,-0.6,2988.434,2962.685,2922.354,2010942.53,2115883.88,2084954.04
2019-06-27,2982.61,3011.54,2996.79,2981.05,1953970.5,20.51,0.69,2993.054,2952.994,2918.7,2222027.13,2149888.15,2097117.68
2019-06-26,2964.62,2986.91,2976.28,2958.46,1744495.38,-5.79,-0.19,2991.12,2944.389,2914.596,2413256.08,2167448.9,2098898.56
2019-06-25,3004.91,3004.91,2982.07,2948.99,2436992.5,-26.08,-0.87,2979.424,2937.699,2911.277,2525870.95,2233255.14,2123329.07
2019-06-24,3004.29,3012.83,3008.15,2994.42,2104939.0,6.17,0.21,2961.042,2932.064,2906.793,2333883.1,2250081.69,2099839.89
2019-06-21,2990.37,3010.35,3001.98,2989.25,2869738.25,14.86,0.5,2936.936,2916.462,2899.035,2220825.22,2206173.7,2078195.69
2019-06-20,2917.33,2997.39,2987.12,2915.09,2910115.25,69.32,2.38,2912.934,2899.044,2891.562,2077749.17,2096264.29,2033378.93
2019-06-19,2944.12,2953.34,2917.8,2916.21,2307569.75,27.64,0.96,2897.658,2886.474,2886.791,1921641.72,1986813.81,1987886.62
2019-06-18,2891.09,2898.33,2890.16,2874.31,1477053.25,2.54,0.09,2895.974,2880.922,2886.199,1940639.32,1944520.37,1978201.64
2019-06-17,2880.42,2902.48,2887.62,2877.39,1539649.62,5.65,0.2,2903.086,2880.914,2885.221,2166280.27,2012758.6,2009085.2
2019-06-14,2913.0,2924.32,2881.97,2879.66,2154358.0,-28.77,-0.99,2895.988,2882.022,2884.955,2191522.17,2054024.21,2065253.54
2019-06-13,2905.29,2918.42,2910.74,2885.92,2129578.0,1.36,0.05,2885.154,2884.406,2888.642,2114779.4,2044347.2,2081728.49
2019-06-12,2917.22,2924.7,2909.38,2903.88,2402557.75,-16.34,-0.56,2875.29,2884.802,2890.039,2051985.9,2030348.23,2090509.44
2019-06-11,2854.07,2927.43,2925.72,2854.07,2605258.0,73.59,2.58,2865.87,2884.855,2888.751,1948401.42,2013403.0,2074554.23
2019-06-10,2833.01,2861.13,2852.13,2824.36,1665859.12,24.33,0.86,2858.742,2881.521,2887.65,1859236.92,1949598.1,2050306.27
2019-06-06,2862.33,2862.33,2827.8,2822.19,1770644.12,-33.62,-1.18,2868.056,2881.607,2892.004,1916526.25,1950217.68,2108166.71
2019-06-05,2882.94,2888.77,2861.42,2858.57,1815610.5,-0.86,-0.03,2883.658,2884.079,2893.162,1973915.0,1970493.58,2119655.08
2019-06-04,2887.64,2888.39,2862.28,2851.97,1884635.38,-27.8,-0.96,2894.314,2887.107,2894.779,2008710.55,1988959.43,2144639.81
2019-06-03,2901.74,2920.83,2890.08,2875.9,2159435.5,-8.62,-0.3,2903.84,2891.476,2897.984,2078404.58,2011882.91,2177048.93
2019-05-31,2904.5,2922.91,2898.7,2895.58,1952305.75,-7.11,-0.24,2904.3,2889.528,2898.803,2039959.28,2005411.8,2232563.29
2019-05-30,2903.42,2907.85,2905.81,2881.38,2057587.88,-8.89,-0.3,2895.158,2887.888,2907.785,1983909.1,2076482.88,2246099.27
2019-05-29,2894.83,2934.98,2914.7,2890.66,1989588.25,4.79,0.17,2884.5,2892.878,2915.62,1967072.15,2119109.79,2289277.31
2019-05-28,2890.27,2924.04,2909.91,2887.08,2233105.5,17.53,0.61,2879.9,2895.276,2924.205,1969208.3,2150670.66,2330234.83
2019-05-27,2851.28,2898.13,2892.38,2833.04,1967209.0,39.39,1.38,2879.112,2892.646,2934.901,1945361.25,2135705.46,2381519.11
2019-05-24,2847.84,2871.86,2852.99,2846.02,1672054.88,0.47,0.02,2874.756,2893.779,2950.362,1970864.33,2151014.44,2420594.75
2019-05-23,2880.84,2885.14,2852.52,2846.96,1973403.12,-39.18,-1.35,2880.618,2902.401,2967.642,2169056.65,2266115.75,2501172.61
2019-05-22,2905.52,2912.4,2891.7,2879.64,2000269.0,-14.27,-0.49,2901.256,2902.244,2985.768,2271147.43,2268816.58,2579111.14
2019-05-21,2867.71,2919.24,2905.97,2862.5,2113870.25,35.37,1.23,2910.652,2902.45,3004.723,2332133.03,2300320.2,2636696.69
2019-05-20,2874.8,2882.63,2870.6,2838.45,2094724.38,-11.7,-0.41,2906.18,2904.492,3021.935,2326049.68,2342214.95,2693773.15
2019-05-17,2955.77,2956.78,2882.3,2873.8,2663016.5,-73.41,-2.48,2912.802,2908.078,3041.561,2331164.55,2459714.79,2767807.83
2019-05-16,2933.5,2956.17,2955.71,2929.06,2483857.0,17.03,0.58,2924.184,2927.682,3060.126,2363174.85,2415715.66,2813616.38
2019-05-15,2902.64,2945.39,2938.68,2902.64,2305197.0,55.07,1.91,2903.232,2938.361,3071.23,2266485.73,2459444.84,2863828.42
2019-05-14,2872.83,2909.2,2883.61,2872.83,2083453.5,-20.1,-0.69,2894.248,2953.133,3083.727,2268507.38,2509798.99,2893463.07
2019-05-13,2905.07,2921.41,2903.71,2892.17,2120298.75,-35.5,-1.21,2902.804,2977.155,3099.045,2358380.23,2627332.76,2965806.33
2019-05-10,2878.23,2941.45,2939.21,2838.38,2823068.0,88.26,3.1,2903.354,3006.945,3115.956,2588265.03,2690175.06,3049858.59
2019-05-09,2871.2,2888.86,2850.95,2845.04,2000411.38,-42.81,-1.48,2931.18,3032.883,3130.978,2468256.48,2736229.46,3090790.19
2019-05-08,2873.14,2929.43,2893.76,2866.7,2315305.25,-32.63,-1.11,2973.49,3069.292,3150.671,2652403.95,2889405.7,3243028.83
2019-05-07,2914.29,2937.28,2926.39,2889.07,2532817.75,19.93,0.69,3012.018,3106.996,3168.312,2751090.6,2973073.18,3361822.39
2019-05-06,2984.73,2986.54,2906.46,2876.47,3269722.75,-171.88,-5.58,3051.506,3139.377,3182.807,2896285.3,3045331.35,3450455.83
2019-04-30,3052.62,3088.41,3078.34,3052.62,2223025.25,15.84,0.52,3110.536,3175.043,3196.325,2792085.1,3075900.88,3510504.19
2019-04-29,3090.63,3107.76,3062.5,3050.03,2921148.75,-23.9,-0.77,3134.586,3192.569,3200.926,3004202.45,3211517.1,3632415.28
2019-04-26,3108.16,3129.21,3086.4,3085.8,2808738.5,-37.43,-1.2,3165.094,3204.098,3202.339,3126407.45,3268212.0,3673899.34
2019-04-25,3190.59,3193.75,3123.83,3123.03,3258791.25,-77.78,-2.43,3201.974,3214.321,3197.766,3195055.75,3277127.15,3677515.63
2019-04-24,3203.56,3210.65,3201.61,3156.61,2748721.75,3.02,0.09,3227.248,3220.934,3192.711,3194377.4,3304279.9,3660271.24
2019-04-23,3211.87,3231.58,3198.59,3186.76,3283612.0,-16.45,-0.51,3239.55,3224.966,3182.485,3359716.65,3409542.13,3699584.16
2019-04-22,3278.49,3279.49,3215.04,3206.88,3532173.75,-55.76,-1.71,3250.552,3229.073,3174.707,3418831.75,3445350.93,3725542.94
2019-04-19,3250.15,3274.33,3270.8,3226.81,3151980.0,20.6,0.63,3243.102,3232.05,3169.163,3410016.55,3596651.95,3731358.43
2019-04-18,3261.07,3271.39,3250.2,3241.83,3255399.5,-12.92,-0.4,3226.668,3229.627,3160.696,3359198.55,3750571.6,3780885.01
2019-04-17,3250.15,3275.33,3263.12,3239.8,3575418.0,9.52,0.29,3214.62,3226.237,3152.718,3414182.4,3855580.3,3797393.79
2019-04-16,3164.4,3253.6,3253.6,3153.21,3579187.5,75.81,2.39,3210.382,3217.607,3144.111,3459367.6,3945107.5,3794077.31
2019-04-15,3233.46,3253.98,3177.79,3177.27,3488097.75,-10.84,-0.34,3207.594,3209.283,3136.252,3471870.1,4053313.45,3814016.53
2019-04-12,3184.86,3199.28,3188.63,3168.04,2897890.0,-1.33,-0.04,3220.998,3200.58,3128.45,3783287.35,4079586.68,3810214.71
2019-04-11,3241.55,3254.13,3189.96,3185.55,3530318.75,-51.97,-1.6,3232.586,3181.211,3118.553,4141944.65,4077904.1,3851891.11
2019-04-10,3224.65,3264.78,3241.93,3204.88,3801344.0,2.27,0.07,3237.854,3164.487,3110.402,4296978.2,4016262.58,3901982.48
2019-04-09,3240.39,3251.65,3239.66,3215.7,3641700.0,-5.15,-0.16,3224.832,3140.004,3101.321,4430847.4,3989626.2,3967501.85
2019-04-08,3271.27,3288.45,3244.81,3210.52,5045184.0,-1.76,-0.05,3210.972,3120.341,3090.688,4634756.8,4005734.95,3998523.38
2019-04-04,3233.69,3254.14,3246.57,3216.85,4691176.5,30.27,0.94,3180.162,3106.275,3076.94,4375886.0,3866064.9,4035191.9
2019-04-03,3159.15,3219.26,3216.3,3152.33,4305486.5,39.48,1.24,3129.836,3091.764,3069.933,4013863.55,3811198.43,4092541.6
2019-04-02,3183.27,3193.27,3176.82,3164.91,4470690.0,6.46,0.2,3091.12,3079.198,3064.223,3735546.95,3739207.28,4154770.45
2019-04-01,3111.66,3176.62,3170.36,3111.66,4661247.0,79.6,2.58,3055.176,3070.614,3058.094,3548405.0,3643047.13,4143307.23
2019-03-29,3000.68,3093.03,3090.76,2999.99,3750830.0,95.82,3.2,3029.71,3063.22,3050.955,3376713.1,3574719.6,4173069.6
2019-03-28,3009.8,3025.78,2994.94,2991.78,2881064.25,-27.78,-0.92,3032.388,3056.319,3046.118,3356243.8,3540842.75,4158421.2
2019-03-27,3012.26,3022.76,3022.72,2987.77,2913903.5,25.62,0.85,3053.692,3055.894,3043.418,3608533.3,3625878.13,4189471.29
2019-03-26,3057.56,3062.69,2997.1,2988.49,3534980.25,-45.93,-1.51,3067.276,3056.317,3039.973,3742867.6,3787702.38,4281264.34
2019-03-25,3058.8,3087.0,3043.03,3041.95,3802787.5,-61.12,-1.97,3086.052,3062.638,3037.194,3737689.25,3945377.5,4387294.3
2019-03-22,3100.73,3107.28,3104.15,3064.88,3648483.5,2.69,0.09,3096.73,3061.034,3033.107,3772726.1,3991311.8,4461484.23
2019-03-21,3094.12,3125.02,3101.46,3086.85,4142511.75,10.82,0.35,3080.25,3047.605,3018.111,3725441.7,4204318.9,4429800.75
2019-03-20,3084.17,3102.52,3090.64,3053.45,3585575.0,-0.34,-0.01,3058.096,3048.101,3000.628,3643222.95,4373884.78,4372000.15
2019-03-19,3099.9,3113.43,3090.98,3076.36,3509088.5,-5.44,-0.18,3045.358,3049.247,2984.157,3832537.15,4570333.63,4315707.66
2019-03-18,3027.8,3096.42,3096.42,3009.51,3977971.75,74.67,2.47,3039.224,3045.574,2967.39,4153065.75,4643567.33,4284276.38
2019-03-15,3000.88,3048.12,3021.75,2999.43,3412061.5,31.06,1.04,3025.338,3038.69,2950.287,4209897.5,4771419.6,4215595.79
2019-03-14,3013.6,3041.16,2990.69,2968.82,3731418.0,-36.26,-1.2,3014.96,3035.916,2933.319,4683196.1,4775999.65,4142994.84
2019-03-13,3062.33,3065.29,3026.95,3013.93,4532146.0,-33.36,-1.09,3038.106,3030.942,2919.77,5104546.6,4753064.45,4054942.62
2019-03-12,3049.08,3093.39,3060.31,3029.9,5111731.5,33.32,1.1,3053.136,3023.629,2904.476,5308130.1,4774826.3,3950232.32
2019-03-11,2969.08,3028.25,3026.99,2963.58,4262130.5,57.13,1.92,3051.924,3011.75,2885.055,5134068.9,4829211.1,3786696.33
2019-03-08,3038.34,3075.05,2969.86,2969.58,5778554.5,-136.56,-4.4,3052.042,3005.179,2866.4,5332941.7,4931656.65,3651039.24
2019-03-07,3103.67,3129.94,3106.42,3074.98,5838170.5,4.32,0.14,3056.872,2988.616,2848.819,4868803.2,4655282.6,3428104.94
2019-03-06,3060.43,3103.83,3102.1,3050.11,5550063.5,47.85,1.57,3023.778,2953.154,2822.726,4401582.3,4370115.53,3213348.35
2019-03-05,3019.88,3054.96,3054.25,3009.45,4241425.5,26.67,0.88,2994.122,2919.066,2796.4,4241522.5,4061081.7,2996096.46
2019-03-04,3015.94,3090.8,3027.58,3006.94,5256494.5,33.57,1.12,2971.576,2889.206,2773.4,4524353.3,3924985.43,2861815.74
2019-03-01,2954.4,2994.01,2994.01,2930.83,3457862.0,53.06,1.8,2958.316,2861.884,2751.87,4530371.6,3659771.98,2672481.9
2019-02-28,2950.05,2965.3,2940.95,2930.2,3502066.0,-12.87,-0.44,2920.36,2830.722,2732.256,4441762.0,3509990.04,2579285.81
2019-02-27,2939.93,2997.49,2953.82,2924.64,4749764.5,12.3,0.42,2882.53,2808.597,2714.793,4338648.75,3356820.79,2481203.54
2019-02-26,2969.1,2995.68,2941.52,2938.62,5655579.5,-19.76,-0.67,2844.01,2785.322,2696.152,3880640.9,3125638.34,2309428.71
2019-02-25,2838.39,2961.8,2961.28,2838.39,5286586.0,157.05,5.6,2806.836,2758.359,2678.061,3325617.55,2744181.56,2102918.62
2019-02-22,2749.46,2804.23,2804.23,2736.33,3014814.0,52.43,1.91,2765.452,2727.621,2660.522,2789172.35,2370421.82,1920301.88
2019-02-21,2759.94,2794.01,2751.8,2744.98,2986499.75,-9.42,-0.34,2741.084,2709.021,2650.111,2578218.07,2200927.27,1864944.8
2019-02-20,2761.06,2767.41,2761.22,2739.98,2459725.25,5.57,0.2,2734.664,2692.298,2640.503,2374992.82,2056581.17,1796853.88
2019-02-19,2759.5,2780.78,2755.65,2737.59,2880462.75,1.29,0.05,2726.634,2673.734,2630.963,2370635.77,1931111.22,1748518.39
2019-02-18,2699.82,2754.36,2754.36,2699.82,2604360.0,71.97,2.68,2709.882,2657.594,2621.698,2162745.57,1798646.06,1684628.01
2019-02-15,2712.79,2715.63,2682.39,2679.78,1960042.62,-37.31,-1.37,2689.79,2641.856,2610.768,1951671.3,1685191.82,1626822.74
2019-02-14,2715.54,2729.46,2719.7,2707.49,1970373.5,-1.37,-0.05,2676.958,2633.789,2604.34,1823636.47,1648581.59,1603542.66
2019-02-13,2674.52,2727.08,2721.07,2666.52,2437940.0,49.18,1.84,2649.932,2620.988,2595.11,1738169.52,1605586.29,1584961.15
2019-02-12,2654.03,2674.48,2671.89,2648.83,1841011.75,17.99,0.68,2620.834,2606.981,2586.274,1491586.67,1493219.09,1559008.11
2019-02-11,2613.17,2654.1,2653.9,2613.17,1548988.62,35.67,1.36,2605.306,2597.762,2579.002,1434546.55,1461655.69,1546007.11
2019-02-01,2597.78,2618.48,2618.23,2590.55,1319868.5,33.66,1.3,2593.922,2593.423,2572.962,1418712.35,1470181.94,1557210.19
2019-01-31,2581.33,2606.63,2584.57,2571.58,1543038.75,8.99,0.35,2590.62,2591.201,2567.794,1473526.7,1528962.32,1575655.59
2019-01-30,2584.75,2598.82,2575.58,2575.41,1205025.75,-18.67,-0.72,2592.044,2588.708,2561.783,1473003.05,1537126.59,1560702.41
2019-01-29,2592.35,2601.74,2594.25,2559.98,1555811.12,-2.73,-0.1,2593.128,2588.192,2556.269,1494851.5,1565925.55,1555417.12
2019-01-28,2615.71,2630.32,2596.98,2591.1,1469817.62,-4.74,-0.18,2590.218,2585.801,2551.251,1488764.82,1570609.96,1537249.19
2019-01-25,2596.26,2617.0,2601.72,2595.63,1593940.25,10.03,0.39,2592.924,2579.68,2545.557,1521651.52,1568453.66,1531461.73
2019-01-24,2584.65,2597.29,2591.69,2569.7,1540420.5,10.69,0.41,2591.782,2574.891,2540.385,1584397.95,1558503.74,1506164.53
2019-01-23,2575.26,2589.51,2581.0,2572.41,1314268.0,1.3,0.05,2585.372,2569.232,2536.042,1601250.13,1564336.01,1499478.79
2019-01-22,2609.64,2609.64,2579.7,2573.06,1525377.75,-30.81,-1.18,2583.256,2565.566,2533.342,1636999.6,1624797.14,1482435.31
2019-01-21,2599.06,2618.98,2610.51,2599.06,1634251.12,14.5,0.56,2581.384,2560.242,2530.17,1652455.1,1630358.54,1464002.02
2019-01-18,2567.74,2598.88,2596.01,2565.9,1907672.38,36.37,1.42,2566.436,2552.5,2526.458,1615255.8,1644238.44,1442572.72
2019-01-17,2573.58,2582.56,2559.64,2557.71,1624681.38,-10.78,-0.42,2558.0,2544.386,2524.135,1532609.53,1622348.86,1401020.0
2019-01-16,2569.07,2574.24,2570.42,2563.01,1493015.38,0.08,0.0,2553.092,2534.858,2524.986,1527421.9,1584278.22,1378302.62
2019-01-15,2537.37,2571.5,2570.34,2532.43,1602655.25,34.57,1.36,2547.876,2524.345,2526.363,1612594.67,1544908.7,1362333.47
2019-01-14,2553.33,2556.29,2535.77,2533.01,1448254.62,-18.06,-0.71,2539.1,2516.701,2527.533,1608261.97,1503888.42,1355171.96
2019-01-11,2539.55,2554.79,2553.83,2533.36,1494441.0,18.73,0.74,2538.564,2511.433,2532.447,1673221.07,1494469.8,1358128.28
2019-01-10,2543.85,2551.83,2535.1,2531.66,1598743.25,-9.24,-0.36,2530.772,2505.879,2534.863,1712088.2,1453825.32,1335165.38
2019-01-09,2536.42,2574.41,2544.34,2536.16,1918879.25,17.88,0.71,2516.624,2502.851,2537.813,1641134.55,1434621.56,1305880.4
2019-01-08,2530.3,2531.35,2526.46,2520.16,1580991.75,-6.63,-0.26,2500.814,2501.118,2539.825,1477222.72,1340073.49,1266536.27
2019-01-07,2528.7,2536.98,2533.09,2515.51,1773050.12,18.22,0.72,2494.302,2500.097,2543.796,1399514.87,1297645.51,1242024.18
2019-01-04,2446.02,2515.32,2514.87,2440.91,1688776.62,50.51,2.05,2484.302,2500.415,2547.401,1315718.52,1240907.0,1224202.5
2019-01-03,2461.78,2488.48,2464.36,2455.93,1243975.0,-0.93,-0.04,2480.986,2503.884,2554.148,1195562.45,1179691.14,1217014.69
2019-01-02,2497.88,2500.28,2465.29,2456.42,1099320.12,-28.61,-1.15,2489.078,2515.113,2564.228,1228108.57,1172327.01,1238786.22
2018-12-28,2483.62,2505.11,2493.9,2478.33,1192452.5,10.81,0.43,2501.422,2528.381,2573.703,1202924.25,1179758.25,1287559.69
2018-12-27,2527.72,2532.0,2483.09,2483.09,1354068.38,-15.2,-0.61,2505.892,2538.365,2578.418,1195776.15,1206455.49,1297601.58
2018-12-26,2501.12,2513.83,2498.29,2492.08,1087996.25,-6.53,-0.26,2516.528,2553.461,2582.635,1166095.47,1221786.76,1308482.53
2018-12-25,2503.95,2513.96,2504.82,2462.84,1406705.62,-22.19,-0.88,2526.782,2563.847,2587.808,1163819.82,1216505.44,1327064.46
2018-12-24,2506.74,2529.44,2527.01,2500.44,973398.5,10.76,0.43,2541.148,2572.774,2591.301,1116545.45,1177139.24,1318558.39
2018-12-21,2526.55,2527.42,2516.25,2498.69,1156712.0,-20.02,-0.79,2555.34,2578.531,2593.741,1156592.25,1192999.06,1337045.74
2018-12-20,2544.51,2554.86,2536.27,2516.02,1205665.0,-13.29,-0.52,2570.838,2587.495,2596.902,1217134.83,1186402.85,1374947.41
2018-12-19,2578.68,2579.87,2549.56,2547.08,1076618.0,-27.09,-1.05,2590.394,2594.386,2602.36,1277478.05,1207498.0,1389318.69
2018-12-18,2583.63,2599.15,2576.65,2563.57,1170333.75,-21.32,-0.82,2600.912,2604.411,2607.458,1269191.05,1254338.25,1426786.02
2018-12-17,2587.26,2598.97,2597.97,2573.87,1173632.5,4.23,0.16,2604.4,2613.342,2610.918,1237733.02,1305245.44,1476214.98
2018-12-14,2627.28,2629.16,2593.74,2593.74,1459424.88,-40.31,-1.53,2601.722,2619.025,2616.195,1229405.87,1395361.14,1533364.77
2018-12-13,2607.14,2645.84,2634.05,2599.46,1507381.12,31.9,1.23,2604.152,2618.47,2620.463,1155670.87,1388747.67,1581492.95
2018-12-12,2608.11,2610.01,2602.15,2595.08,1035183.0,8.06,0.31,2598.378,2611.809,2622.169,1137517.95,1395178.3,1610048.26
2018-12-11,2587.01,2596.15,2594.09,2583.2,1013043.62,9.51,0.37,2607.91,2611.768,2623.674,1239485.45,1437623.48,1677513.78
2018-12-10,2589.19,2599.76,2584.58,2576.24,1131996.75,-21.31,-0.82,2622.284,2609.827,2626.713,1372757.85,1459977.55,1751502.83
2018-12-07,2609.34,2614.58,2605.89,2599.28,1090749.88,0.71,0.03,2636.328,2608.95,2629.01,1561316.4,1481092.41,1782418.64
2018-12-06,2629.82,2633.68,2605.18,2603.13,1416616.5,-44.63,-1.68,2632.788,2606.309,2628.659,1621824.47,1563491.98,1804104.31
2018-12-05,2629.83,2660.39,2649.81,2625.91,1545020.5,-16.15,-0.61,2625.24,2610.334,2630.182,1652838.65,1571139.39,1813091.23
2018-12-04,2651.56,2666.08,2665.96,2644.9,1679405.62,11.16,0.42,2615.626,2610.504,2629.758,1635761.5,1599233.79,1822441.19
2018-12-03,2647.13,2665.3,2654.8,2629.18,2074789.5,66.61,2.57,2597.37,2608.493,2629.428,1547197.25,1647184.53,1820305.65
2018-11-30,2564.56,2590.21,2588.19,2555.32,1393290.25,20.75,0.81,2581.572,2613.364,2629.96,1400868.43,1671368.4,1813446.23
2018-11-29,2613.78,2617.55,2567.44,2567.44,1571687.38,-34.3,-1.32,2579.83,2622.456,2634.374,1505159.48,1774238.23,1856295.18
2018-11-28,2575.45,2601.96,2601.74,2561.56,1459634.75,27.06,1.05,2595.428,2632.529,2636.314,1489440.13,1824918.21,1878162.78
2018-11-27,2585.83,2592.54,2574.68,2566.17,1236584.38,-1.13,-0.04,2605.382,2635.579,2636.366,1562706.08,1917404.09,1895456.21
2018-11-26,2580.84,2595.0,2575.81,2568.04,1343145.38,-3.67,-0.14,2619.616,2643.599,2636.035,1747171.8,2043028.1,1916968.15
2018-11-23,2640.67,2642.04,2579.48,2577.35,1914745.5,-65.95,-2.49,2645.156,2649.07,2634.349,1941868.37,2083744.87,1916931.84
2018-11-22,2655.9,2658.0,2645.43,2634.48,1493090.62,-6.08,-0.23,2665.082,2651.009,2635.318,2043316.97,2044716.64,1900662.63
2018-11-21,2619.82,2653.8,2651.51,2617.78,1825964.5,5.66,0.21,2669.63,2650.029,2633.236,2160396.3,2055043.06,1907024.59
2018-11-20,2684.29,2690.83,2645.85,2643.36,2158913.0,-57.66,-2.13,2665.776,2649.012,2630.826,2272102.1,2045648.6,1895756.57
2018-11-19,2681.9,2703.51,2703.51,2674.18,2316628.25,24.4,0.91,2667.582,2650.363,2628.275,2338884.4,1993426.78,1876982.69
2018-11-16,2669.78,2695.57,2679.11,2657.03,2421988.5,10.94,0.41,2652.984,2646.555,2625.843,2225621.37,1955524.05,1867095.5
2018-11-15,2632.14,2668.17,2668.17,2631.89,2078487.25,35.93,1.36,2636.936,2646.292,2619.411,2046116.3,1938352.13,1819657.86
2018-11-14,2648.31,2658.31,2632.24,2627.96,2384493.5,-22.64,-0.85,2630.428,2640.099,2610.324,1949689.82,1931407.34,1778447.75
2018-11-13,2600.5,2666.49,2654.88,2597.35,2492824.5,24.36,0.93,2632.248,2637.153,2606.792,1819195.1,1873508.34,1724200.07
2018-11-12,2593.2,2631.17,2630.52,2590.21,1750313.12,31.65,1.22,2633.144,2628.47,2601.365,1647969.15,1790908.2,1659268.42
2018-11-09,2621.24,2621.24,2598.87,2598.16,1524463.12,-36.76,-1.4,2640.126,2619.628,2598.244,1685426.73,1750118.81,1631040.87
2018-11-08,2660.09,2662.37,2635.63,2632.3,1596354.88,-5.71,-0.22,2655.648,2619.626,2598.646,1830587.95,1756608.63,1639858.53
2018-11-07,2659.84,2675.68,2641.34,2639.25,1732019.88,-18.02,-0.68,2649.77,2616.443,2596.037,1913124.85,1759006.11,1658616.14
2018-11-06,2660.72,2660.86,2659.36,2635.32,1636694.75,-6.07,-0.23,2642.058,2612.639,2600.262,1927821.58,1745864.54,1628758.01
2018-11-05,2665.43,2673.19,2665.43,2639.27,1937601.0,-11.05,-0.41,2623.796,2606.186,2603.345,1933847.25,1760538.6,1605309.23
2018-11-02,2649.25,2676.48,2676.48,2628.87,2250269.25,70.24,2.69,2599.13,2605.131,2605.899,1814810.9,1778666.95,1583179.87
2018-11-01,2617.03,2636.8,2606.24,2603.65,2009039.38,3.46,0.13,2583.604,2592.53,2613.142,1682629.3,1700963.59,1537811.63
2018-10-31,2573.01,2612.92,2602.78,2567.03,1805503.5,34.73,1.35,2583.116,2580.548,2622.419,1604887.37,1625488.16,1499358.51
2018-10-30,2538.57,2586.92,2568.05,2521.78,1666823.12,25.95,1.02,2583.22,2576.431,2632.62,1563907.5,1574891.81,1478867.19
2018-10-29,2593.59,2595.54,2542.1,2529.19,1342419.25,-56.75,-2.18,2588.576,2574.259,2643.275,1587229.95,1527628.65,1451517.62
2018-10-26,2610.9,2626.12,2598.85,2580.85,1589361.25,-4.95,-0.19,2611.132,2576.859,2656.044,1742523.0,1511962.92,1463404.98
2018-10-25,2540.93,2606.1,2603.8,2531.53,1620329.75,0.5,0.02,2601.456,2577.665,2662.563,1719297.87,1523108.44,1439630.64
2018-10-24,2579.97,2640.4,2603.3,2577.77,1600604.12,8.47,0.33,2577.98,2575.631,2668.916,1646088.95,1558226.16,1429389.31
2018-10-23,2652.65,2659.81,2594.83,2583.26,1783435.38,-60.05,-2.26,2569.642,2587.885,2673.748,1585876.12,1511651.49,1407243.1
2018-10-22,2565.64,2675.41,2654.88,2565.64,2118884.5,104.41,4.09,2559.942,2600.503,2676.596,1468027.35,1450079.85,1362190.78
2018-10-19,2460.08,2553.39,2550.47,2449.2,1473235.62,64.05,2.58,2542.586,2606.666,2677.934,1281402.85,1387692.79,1306249.05
2018-10-18,2544.91,2544.91,2486.42,2485.62,1254285.12,-75.19,-2.94,2553.874,2633.754,2684.74,1326919.0,1374659.68,1286254.78
2018-10-17,2574.31,2582.55,2561.61,2517.57,1299540.0,15.28,0.6,2573.282,2664.289,2693.224,1470363.38,1373228.86,1268553.9
2018-10-16,2567.76,2597.72,2546.33,2536.44,1194191.5,-21.77,-0.85,2606.128,2688.809,2698.384,1437426.85,1382842.56,1253509.87
2018-10-15,2605.91,2611.97,2568.1,2564.74,1185762.0,-38.81,-1.49,2641.064,2712.29,2704.541,1432132.35,1375406.59,1245579.88
2018-10-12,2574.04,2615.92,2606.91,2536.67,1700816.38,23.45,0.91,2670.746,2735.228,2711.251,1493982.73,1414847.03,1240053.43
2018-10-11,2643.07,2661.29,2583.46,2560.32,1971507.0,-142.38,-5.22,2713.634,2747.461,2715.485,1422400.35,1356152.85,1204521.52
2018-10-10,2723.72,2743.55,2725.84,2703.06,1134857.38,4.83,0.18,2755.296,2762.2,2721.529,1276094.35,1300552.46,1158447.31
2018-10-09,2713.73,2734.31,2721.01,2711.2,1167719.0,4.5,0.17,2771.49,2759.611,2722.766,1328258.28,1302834.71,1156209.6
2018-10-08,2768.21,2771.94,2716.51,2710.18,1495013.88,-104.84,-3.72,2783.516,2752.689,2722.752,1318680.83,1274301.7,1148930.15
2018-09-28,2794.26,2821.76,2821.35,2791.84,1342904.5,29.58,1.06,2799.71,2749.202,2723.189,1335711.33,1224805.32,1129058.83
2018-09-27,2805.79,2810.51,2791.77,2786.32,1239977.0,-15.04,-0.54,2781.288,2735.725,2719.009,1289905.35,1197849.88,1114944.07
2018-09-26,2785.32,2827.34,2806.81,2783.34,1395677.0,25.67,0.92,2769.104,2722.159,2717.885,1325010.57,1163878.94,1103023.69
2018-09-25,2775.07,2790.03,2781.14,2771.16,1119831.75,-16.34,-0.58,2747.732,2707.958,2716.443,1277411.15,1124177.18,1092614.52
2018-09-21,2733.87,2797.49,2797.48,2722.03,1580166.38,68.24,2.5,2721.862,2696.792,2716.431,1229922.58,1115753.18,1103004.22
2018-09-20,2732.17,2743.96,2729.24,2724.08,1113874.62,-1.61,-0.06,2698.694,2687.274,2713.029,1113899.31,1065259.83,1074254.03
2018-09-19,2694.8,2746.08,2730.85,2690.99,1415503.12,30.9,1.14,2690.162,2683.509,2712.798,1105794.41,1052890.19,1067783.54
2018-09-18,2644.3,2700.19,2699.95,2644.3,1157679.88,48.16,1.82,2675.214,2680.858,2711.986,1002747.3,1016342.16,1043840.7
2018-09-17,2671.29,2671.29,2651.79,2647.92,882388.88,-29.85,-1.11,2668.184,2685.921,2713.68,970943.21,1009584.48,1042750.13
2018-09-14,2688.78,2694.92,2681.64,2675.29,1000050.06,-4.94,-0.18,2671.722,2692.815,2716.014,1001583.77,1023558.61,1054022.76
2018-09-13,2679.21,2689.06,2686.58,2653.19,1073350.12,30.47,1.15,2675.854,2697.176,2715.38,1016620.34,1033312.34,1060242.91
2018-09-12,2659.74,2672.07,2656.11,2647.17,900267.56,-8.69,-0.33,2676.856,2702.292,2716.311,999985.98,1032038.26,1066714.34
2018-09-11,2668.49,2680.57,2664.8,2652.7,998659.44,-4.68,-0.17,2686.502,2713.61,2719.668,1029937.01,1042168.44,1079781.86
2018-09-10,2698.01,2703.43,2669.48,2667.32,1035591.69,-32.82,-1.22,2703.658,2724.928,2725.476,1048225.75,1061051.86,1084634.42
2018-09-07,2696.68,2728.55,2702.3,2683.72,1075232.88,10.71,0.4,2713.908,2736.07,2731.296,1045533.44,1090255.26,1096620.96
2018-09-06,2697.58,2719.41,2691.59,2683.74,990178.31,-12.75,-0.47,2718.498,2738.783,2735.946,1050004.34,1083248.24,1103625.43
2018-09-05,2741.38,2745.47,2704.34,2704.34,1050022.75,-46.24,-1.68,2727.728,2742.086,2741.086,1064090.55,1082676.88,1129946.69
2018-09-04,2720.65,2756.61,2750.58,2712.38,1090103.12,29.85,1.1,2740.718,2743.113,2743.072,1054399.86,1071339.24,1151289.9
2018-09-03,2716.4,2722.85,2720.73,2692.36,1022130.12,-4.52,-0.17,2746.198,2741.438,2744.512,1073877.96,1075915.77,1171574.62
2018-08-31,2730.11,2744.63,2725.25,2710.54,1097587.38,-12.49,-0.46,2758.232,2739.212,2743.733,1134977.09,1084486.92,1185344.64
2018-08-30,2769.33,2780.53,2737.74,2736.35,1060609.38,-31.55,-1.14,2759.068,2733.584,2744.493,1116492.15,1087173.48,1193968.45
2018-08-29,2774.86,2778.54,2769.29,2762.35,1001569.31,-8.69,-0.31,2756.444,2730.329,2746.007,1101263.21,1101390.42,1228027.49
2018-08-28,2782.29,2791.39,2777.98,2769.4,1187493.62,-2.92,-0.1,2745.508,2725.726,2748.769,1088278.63,1117395.28,1252706.19
2018-08-27,2736.32,2780.9,2780.9,2736.32,1327625.75,51.47,1.89,2736.678,2726.024,2753.69,1077953.58,1108216.99,1252797.07
2018-08-24,2717.08,2748.82,2729.43,2705.32,1005162.69,4.81,0.18,2720.192,2726.521,2758.097,1033996.75,1102986.65,1262241.91
2018-08-23,2714.87,2736.01,2724.62,2700.8,984464.69,10.01,0.37,2708.1,2733.109,2765.305,1057854.81,1124002.62,1285169.58
2018-08-22,2731.96,2731.96,2714.61,2709.06,936646.38,-19.22,-0.7,2704.214,2740.085,2773.186,1101517.63,1177216.49,1320160.44
2018-08-21,2700.34,2739.17,2733.83,2696.29,1135868.38,35.36,1.31,2705.944,2743.031,2782.638,1146511.93,1231240.56,1357228.23
2018-08-20,2673.07,2698.47,2698.47,2653.11,1107841.62,29.5,1.1,2715.37,2747.585,2791.224,1138480.4,1267233.46,1415223.96
2018-08-17,2723.89,2730.33,2668.97,2665.59,1124453.0,-36.22,-1.34,2732.85,2748.254,2799.278,1171976.55,1286202.36,1446523.28
2018-08-16,2691.43,2732.95,2705.19,2672.74,1202778.75,-18.07,-0.66,2758.118,2755.401,2807.293,1190150.43,1300763.43,1463254.48
2018-08-15,2777.25,2777.7,2723.26,2721.24,1161617.88,-57.7,-2.08,2775.956,2761.684,2810.661,1252915.35,1354664.55,1460358.78
2018-08-14,2780.74,2789.44,2780.96,2766.57,1095710.75,-4.91,-0.18,2780.118,2771.811,2813.861,1315969.2,1388017.11,1462758.47
2018-08-13,2769.02,2789.8,2785.87,2742.56,1275322.38,-9.44,-0.34,2779.8,2781.355,2814.719,1395986.53,1397377.15,1460677.54
2018-08-10,2791.4,2806.11,2795.31,2777.51,1215322.38,0.93,0.03,2763.658,2789.673,2816.128,1400428.18,1421497.16,1450795.0
2018-08-09,2729.58,2801.66,2794.38,2726.22,1516603.38,50.31,1.83,2752.684,2797.501,2817.921,1411376.42,1446336.54,1448873.56
2018-08-08,2771.13,2779.91,2744.07,2741.07,1476887.12,-35.3,-1.27,2747.412,2806.286,2820.085,1456413.75,1463104.4,1446533.49
2018-08-07,2711.74,2779.37,2779.37,2696.04,1495797.38,74.21,2.74,2763.504,2822.244,2821.77,1460065.02,1483215.9,1436099.71
2018-08-06,2736.53,2760.47,2705.16,2692.32,1297530.62,-35.28,-1.29,2782.91,2834.863,2824.183,1398767.77,1563214.46,1419841.21
2018-08-03,2763.4,2777.66,2740.44,2740.43,1270063.62,-27.58,-1.0,2815.688,2850.301,2829.681,1442566.15,1606844.2,1415739.34
2018-08-02,2815.34,2815.34,2768.02,2726.48,1741790.0,-56.51,-2.0,2842.318,2859.184,2830.02,1481296.65,1625745.52,1420383.34
2018-08-01,2882.51,2897.4,2824.53,2823.93,1495143.5,-51.87,-1.8,2865.16,2859.637,2828.313,1469795.05,1566053.01,1397906.9
2018-07-31,2866.9,2884.68,2876.4,2854.32,1189311.12,7.35,0.26,2880.984,2855.91,2825.043,1506366.77,1537499.82,1384780.81
2018-07-30,2871.94,2896.01,2869.05,2850.3,1516522.5,-4.54,-0.16,2886.816,2848.083,2820.568,1727661.15,1523977.94,1396564.49
2018-07-27,2879.69,2889.69,2873.59,2864.11,1463716.12,-8.64,-0.3,2884.914,2842.582,2815.893,1771122.25,1480092.84,1389255.88
2018-07-26,2905.79,2915.3,2882.23,2875.7,1684282.0,-21.42,-0.74,2876.05,2838.341,2814.585,1770194.4,1451410.58,1378905.92
2018-07-25,2911.45,2912.31,2903.65,2894.04,1678002.12,-1.91,-0.07,2854.114,2833.884,2809.818,1662310.98,1429962.58,1353870.77
2018-07-24,2862.27,2911.46,2905.56,2862.27,2295783.0,46.02,1.61,2830.836,2821.296,2805.295,1568632.88,1388983.51,1334681.09
2018-07-23,2815.2,2863.57,2859.54,2809.62,1733828.0,30.27,1.07,2809.35,2813.503,2802.242,1320294.73,1276467.96,1282851.17
2018-07-20,2769.75,2837.86,2829.27,2753.84,1459076.88,56.72,2.05,2800.25,2809.06,2802.232,1189063.43,1224634.48,1257118.61
2018-07-19,2791.02,2805.01,2772.55,2764.49,1144864.88,-14.71,-0.53,2800.632,2800.856,2805.257,1132626.75,1215021.16,1247236.33
2018-07-18,2801.78,2818.4,2787.26,2786.04,1209611.62,-10.87,-0.39,2813.654,2796.989,2810.42,1197614.17,1229760.79,1267182.26
2018-07-17,2806.89,2806.92,2798.13,2774.76,1054092.25,-15.91,-0.56,2811.756,2794.176,2816.843,1209334.15,1232061.8,1278852.39
2018-07-16,2827.08,2837.51,2814.04,2804.49,1077671.5,-17.14,-0.6,2817.656,2793.052,2822.328,1232641.2,1269151.04,1341422.81
2018-07-13,2831.43,2835.46,2831.18,2818.85,1176893.5,-6.48,-0.23,2817.87,2789.204,2832.721,1260205.52,1298418.92,1359805.53
2018-07-12,2771.04,2844.19,2837.66,2771.04,1469802.0,59.89,2.16,2801.08,2790.828,2843.37,1297415.57,1306401.26,1358695.59
2018-07-11,2780.7,2794.36,2777.77,2752.44,1268211.5,-49.86,-1.76,2780.324,2785.752,2853.977,1261907.4,1277778.97,1345009.44
2018-07-10,2819.71,2828.49,2827.63,2800.63,1170627.5,12.52,0.45,2776.596,2789.293,2869.078,1254789.45,1280378.66,1338236.41
2018-07-09,2752.45,2815.79,2815.11,2752.45,1215493.12,67.88,2.47,2768.448,2790.981,2880.336,1305660.87,1289234.37,1333986.93
2018-07-06,2731.35,2768.87,2747.23,2691.02,1362943.75,13.35,0.49,2760.538,2795.404,2892.938,1336632.32,1289602.75,1340556.39
2018-07-05,2755.34,2777.52,2733.88,2727.94,1292261.12,-25.25,-0.92,2780.576,2809.657,2911.051,1315386.95,1279451.5,1336301.69
2018-07-04,2776.63,2793.18,2759.13,2754.16,1232621.75,-27.76,-1.0,2791.18,2823.85,2930.116,1293650.55,1304603.73,1331786.7
2018-07-03,2774.57,2786.89,2786.89,2722.45,1424984.62,11.33,0.41,2801.99,2839.51,2947.87,1305967.88,1325642.98,1329523.41
2018-07-02,2841.58,2845.68,2775.56,2756.82,1370350.38,-71.86,-2.52,2813.514,2851.603,2963.085,1272807.88,1413694.59,1315571.13
2018-06-29,2789.81,2848.37,2847.42,2782.38,1256716.88,60.52,2.17,2830.27,2876.237,2978.064,1242573.18,1421192.13,1311989.71
2018-06-28,2799.9,2825.99,2786.9,2782.45,1183579.12,-26.28,-0.93,2838.738,2895.911,2990.467,1243516.05,1410989.93,1319391.63
2018-06-27,2842.4,2854.26,2813.18,2798.8,1294208.38,-31.33,-1.1,2856.52,2922.201,3003.194,1315556.9,1412239.9,1337770.24
2018-06-26,2829.99,2850.24,2844.51,2803.79,1259184.62,-14.83,-0.52,2877.03,2948.863,3018.558,1345318.08,1396094.16,1340918.72
2018-06-25,2903.45,2908.62,2859.34,2857.87,1219176.88,-30.42,-1.05,2889.692,2969.69,3033.086,1554581.3,1378739.49,1342337.45
2018-06-22,2855.58,2891.97,2889.76,2837.14,1261431.25,13.95,0.48,2922.204,2990.471,3047.184,1599811.08,1391510.03,1345684.02
2018-06-21,2912.0,2940.59,2875.81,2872.62,1543783.38,-39.92,-1.37,2953.084,3012.445,3060.429,1578463.8,1393151.88,1344655.36
2018-06-20,2889.98,2925.56,2915.73,2872.16,1443014.25,7.91,0.27,2987.882,3036.382,3075.086,1508922.9,1358969.68,1346370.01
2018-06-19,2982.65,2984.97,2907.82,2871.35,2305500.75,-114.08,-3.77,3020.696,3056.23,3090.017,1446870.25,1333403.84,1346365.65
2018-06-15,3037.45,3048.8,3021.9,3008.73,1445325.75,-22.26,-0.73,3049.688,3074.567,3105.318,1202897.68,1217447.67,1313320.31
2018-06-14,3038.07,3066.05,3044.16,3032.41,1154694.88,-5.64,-0.18,3058.738,3079.891,3113.888,1183208.98,1202787.29,1309312.48
2018-06-13,3071.46,3071.46,3049.8,3044.12,1196078.88,-30.0,-0.97,3071.806,3085.022,3119.394,1207839.95,1227793.34,1308575.52
2018-06-12,3053.03,3081.45,3079.8,3034.1,1132751.0,27.02,0.89,3084.882,3084.186,3125.383,1209016.45,1263300.58,1314034.06
2018-06-11,3057.34,3063.61,3052.78,3037.91,1085637.88,-14.37,-0.47,3091.764,3088.252,3130.999,1219937.43,1285743.28,1319671.03
2018-06-08,3100.6,3100.68,3067.15,3053.29,1346882.25,-42.35,-1.36,3099.446,3096.482,3137.061,1231997.65,1305935.4,1330052.81
2018-06-07,3121.18,3128.72,3109.5,3105.58,1277849.75,-5.68,-0.18,3101.044,3103.897,3141.867,1222365.6,1299858.01,1328038.58
2018-06-06,3109.17,3117.53,3115.18,3103.53,1201961.38,0.97,0.03,3098.238,3108.412,3145.112,1247746.73,1296158.84,1330646.46
2018-06-05,3088.01,3114.77,3114.21,3080.05,1187355.88,23.02,0.74,3083.49,3113.79,3147.311,1317584.7,1333770.35,1331867.02
2018-06-04,3083.43,3098.4,3091.19,3076.99,1145939.0,16.05,0.52,3084.74,3123.804,3149.675,1351549.13,1359327.45,1345962.76
2018-06-01,3084.75,3102.09,3075.14,3059.79,1298722.0,-20.33,-0.66,3093.518,3136.069,3151.948,1379873.15,1409192.96,1358139.91
2018-05-31,3061.83,3098.08,3095.47,3054.27,1404755.38,54.03,1.78,3106.75,3147.885,3152.742,1377350.43,1415837.68,1352559.44
2018-05-30,3081.14,3085.4,3041.44,3041.0,1551151.25,-79.02,-2.53,3118.586,3153.766,3153.012,1344570.95,1389357.7,1352314.48
2018-05-29,3129.62,3143.21,3120.46,3112.15,1357178.0,-14.62,-0.47,3144.09,3166.579,3154.999,1349956.0,1364767.54,1341849.2
2018-05-28,3136.81,3149.66,3135.08,3115.96,1287559.12,-6.22,-0.2,3162.868,3173.745,3153.087,1367105.78,1353598.79,1339603.12
2018-05-25,3148.41,3156.73,3141.3,3131.07,1286108.38,-13.35,-0.42,3178.62,3177.64,3150.085,1438512.78,1354170.22,1342211.53
2018-05-24,3167.94,3173.53,3154.65,3152.07,1240858.0,-14.31,-0.45,3189.02,3179.836,3148.918,1454324.92,1356219.14,1341561.64
2018-05-23,3205.44,3205.44,3168.96,3168.96,1578076.5,-45.39,-1.41,3188.946,3181.812,3147.632,1434144.45,1365134.09,1360656.14
2018-05-22,3211.25,3214.59,3214.35,3192.23,1442926.88,0.51,0.02,3189.068,3180.831,3142.585,1379579.07,1329963.7,1347595.48
2018-05-21,3206.18,3219.74,3213.84,3203.34,1644594.12,20.54,0.64,3184.622,3175.546,3135.444,1340091.8,1332598.07,1353022.68
2018-05-18,3151.08,3193.45,3193.3,3144.78,1365169.12,39.02,1.24,3176.66,3167.826,3130.621,1269827.67,1307086.85,1350821.37
2018-05-17,3170.01,3172.77,3154.28,3148.62,1139955.62,-15.29,-0.48,3170.652,3157.599,3125.526,1258113.35,1289281.2,1362208.17
2018-05-16,3180.23,3191.95,3169.57,3166.81,1305249.62,-22.55,-0.71,3174.678,3152.257,3121.152,1296123.72,1315271.26,1378821.81
2018-05-15,3180.42,3192.81,3192.12,3164.52,1245490.5,18.09,0.57,3172.594,3143.418,3118.206,1280348.32,1318930.86,1390767.18
2018-05-14,3167.04,3183.82,3174.03,3163.48,1293273.5,10.77,0.34,3166.47,3132.429,3116.553,1325104.35,1325607.45,1392268.81
2018-05-11,3179.8,3180.76,3163.26,3162.21,1306597.5,-11.15,-0.35,3158.992,3122.529,3116.859,1344346.02,1330252.84,1401720.79
2018-05-10,3169.05,3176.14,3174.41,3155.53,1330007.5,15.26,0.48,3144.546,3118.0,3119.1,1320449.05,1326904.14,1424324.52
2018-05-09,3160.14,3165.37,3159.15,3145.66,1226372.62,-2.35,-0.07,3129.836,3113.452,3119.896,1334418.8,1356178.19,1441924.82
2018-05-08,3135.3,3169.7,3161.5,3134.06,1469270.62,24.86,0.79,3114.242,3104.338,3118.853,1357513.4,1365227.26,1450410.51
2018-05-07,3094.9,3136.84,3136.64,3091.66,1389481.88,45.61,1.48,3098.388,3095.342,3117.333,1326110.55,1373447.29,1450435.32
2018-05-04,3093.12,3104.09,3091.03,3086.78,1187112.62,-9.83,-0.32,3086.066,3093.416,3117.333,1316159.65,1394555.9,1457069.56
2018-05-03,3074.52,3105.66,3100.86,3056.16,1399856.25,19.68,0.64,3091.454,3093.453,3120.94,1333359.23,1435135.14,1486577.82
2018-05-02,3087.41,3097.6,3081.18,3064.76,1341845.62,-1.05,-0.03,3097.068,3090.047,3124.342,1377937.58,1442372.36,1493908.31
2018-04-27,3082.41,3088.03,3082.23,3049.91,1312256.38,7.2,0.23,3094.434,3092.994,3128.31,1372941.13,1462603.5,1511972.22
2018-04-26,3119.5,3121.93,3075.03,3067.93,1339727.38,-42.94,-1.38,3092.296,3100.676,3130.313,1420784.03,1458930.18,1528109.64
2018-04-25,3112.4,3122.91,3117.97,3107.0,1273110.5,-10.96,-0.35,3100.766,3111.189,3134.894,1472952.15,1473188.75,1555659.97
2018-04-24,3069.75,3136.04,3128.93,3069.75,1622748.0,60.92,1.99,3095.452,3120.2,3135.681,1536911.05,1521744.9,1585187.62
2018-04-23,3063.44,3085.06,3068.01,3045.94,1316863.38,-3.53,-0.12,3083.026,3126.339,3136.873,1506807.15,1527671.46,1641816.23
2018-04-20,3105.46,3111.17,3071.54,3065.92,1551470.88,-45.84,-1.47,3091.554,3133.367,3146.646,1552265.88,1535593.75,1651189.55
2018-04-19,3094.27,3127.44,3117.38,3090.29,1600568.0,25.98,0.84,3109.056,3139.324,3157.117,1497076.32,1527423.35,1657815.14
2018-04-18,3091.91,3096.89,3091.4,3041.63,1592905.0,24.6,0.8,3121.612,3141.249,3165.78,1473425.35,1519583.22,1647727.28
2018-04-17,3112.97,3118.76,3066.8,3064.03,1472228.5,-43.85,-1.41,3144.948,3148.427,3175.172,1506578.75,1538020.5,1637059.52
2018-04-16,3152.89,3153.11,3110.65,3096.1,1544157.0,-48.4,-1.53,3169.652,3158.637,3185.326,1548535.77,1545444.25,1634049.92
2018-04-13,3192.04,3197.9,3159.05,3155.51,1275523.12,-21.11,-0.66,3175.18,3163.625,3194.349,1518921.62,1561340.94,1631128.87
2018-04-12,3203.28,3205.25,3180.16,3177.05,1482313.12,-27.92,-0.87,3169.592,3159.949,3200.966,1557770.37,1597289.11,1646098.26
2018-04-11,3197.37,3220.85,3208.08,3191.59,1758672.0,17.76,0.56,3160.886,3158.598,3207.47,1565741.1,1638131.19,1660539.78
2018-04-10,3144.26,3190.65,3190.32,3139.08,1682013.62,52.03,1.66,3151.906,3151.162,3213.401,1569462.25,1648630.34,1675872.4
2018-04-09,3125.44,3146.09,3138.29,3110.3,1396086.25,7.18,0.23,3147.622,3147.406,3219.243,1542352.73,1755961.0,1675983.97
2018-04-04,3147.05,3163.34,3131.11,3128.87,1469766.88,-5.52,-0.18,3152.07,3159.925,3226.749,1603760.25,1766785.35,1681093.42
2018-04-03,3130.01,3144.33,3136.63,3119.13,1522166.75,-26.55,-0.84,3150.306,3174.909,3233.777,1636807.85,1788206.94,1691937.59
2018-04-02,3169.78,3192.34,3163.18,3159.99,1777277.75,-5.72,-0.18,3156.31,3190.31,3241.428,1710521.28,1775871.34,1713508.28
2018-03-30,3161.79,3177.72,3168.9,3152.89,1546466.0,8.37,0.27,3150.418,3201.917,3246.115,1727798.43,1736098.54,1697062.38
2018-03-29,3127.26,3174.51,3160.53,3098.25,1703123.88,38.24,1.23,3147.19,3212.015,3250.397,1969569.28,1722655.59,1695169.61
2018-03-28,3130.57,3165.21,3122.29,3117.53,1635004.88,-44.36,-1.4,3167.78,3225.073,3256.058,1929810.45,1700916.8,1689562.58
2018-03-27,3164.8,3172.78,3166.65,3143.57,1890733.88,32.93,1.05,3199.512,3241.982,3262.914,1939606.03,1694907.4,1683334.11
2018-03-26,3117.32,3134.28,3133.72,3091.46,1863663.5,-19.04,-0.6,3224.31,3256.341,3269.185,1841221.4,1682948.36,1675907.09
2018-03-23,3172.77,3188.24,3152.76,3110.66,2755320.25,-110.72,-3.39,3253.416,3275.639,3278.977,1744398.65,1703114.45,1677008.22
2018-03-22,3281.27,3288.8,3263.48,3242.76,1504329.75,-17.47,-0.53,3276.84,3291.08,3285.79,1475741.9,1596006.94,1612137.39
2018-03-21,3299.73,3314.21,3280.95,3268.88,1683982.75,-9.69,-0.29,3282.366,3293.573,3286.044,1472023.15,1595401.49,1606286.13
2018-03-20,3257.22,3292.57,3290.64,3252.43,1398810.75,11.39,0.35,3284.452,3292.645,3281.955,1450208.78,1595668.24,1572248.4
2018-03-19,3264.93,3280.57,3279.25,3251.05,1379549.75,9.37,0.29,3288.372,3292.545,3276.671,1524675.33,1651145.21,1578071.66
2018-03-16,3290.21,3300.57,3269.88,3269.28,1412036.5,-21.23,-0.65,3297.862,3290.313,3270.415,1661830.25,1658026.23,1585749.59
2018-03-15,3277.51,3297.1,3291.11,3273.2,1485736.0,-0.27,-0.01,3305.32,3288.778,3263.413,1716271.98,1667683.64,1643342.35
2018-03-14,3298.67,3304.98,3291.38,3287.36,1574910.88,-18.86,-0.57,3304.78,3287.042,3261.96,1718779.83,1678208.36,1669686.8
2018-03-13,3324.12,3333.88,3310.24,3307.38,1771143.5,-16.46,-0.49,3300.838,3283.845,3262.854,1741127.7,1671760.81,1721411.12
2018-03-12,3319.21,3333.56,3326.7,3313.56,2065324.38,19.53,0.59,3296.718,3282.028,3265.875,1777615.1,1668865.83,1773131.68
2018-03-09,3291.43,3309.72,3307.17,3283.56,1684245.12,18.76,0.57,3282.764,3282.315,3273.915,1654222.2,1650901.99,1778702.34
2018-03-08,3268.35,3289.5,3288.41,3261.55,1498275.25,16.74,0.51,3272.236,3280.5,3281.66,1619095.3,1628267.84,1798550.36
2018-03-07,3288.86,3308.41,3271.67,3264.76,1686650.25,-17.97,-0.55,3269.304,3278.515,3289.589,1637636.9,1617170.76,1853888.94
2018-03-06,3266.49,3290.25,3289.64,3243.65,1953580.5,32.71,1.0,3266.852,3271.264,3300.047,1602393.93,1548828.56,1873183.13
2018-03-05,3255.87,3269.4,3256.93,3236.72,1448359.88,2.4,0.07,3267.338,3260.796,3309.965,1560116.55,1504998.11,1868689.09
2018-03-02,3248.45,3269.94,3254.53,3242.27,1508610.62,-19.22,-0.59,3281.866,3250.516,3323.269,1647581.77,1513472.95,1914284.59
2018-03-01,3235.09,3280.15,3273.75,3228.58,1590983.25,14.34,0.44,3288.764,3238.048,3338.449,1637440.37,1619001.06,1950203.21
2018-02-28,3264.06,3277.83,3259.41,3239.84,1510435.38,-32.66,-0.99,3287.726,3236.878,3352.177,1596704.62,1661165.24,1992360.76
2018-02-27,3328.67,3328.67,3292.07,3284.63,1742193.62,-37.5,-1.13,3275.676,3241.863,3367.18,1495263.2,1771061.42,2043316.24
2018-02-26,3307.3,3335.99,3329.57,3281.62,1885686.0,40.55,1.23,3254.254,3249.721,3379.901,1449879.67,1877397.54,2075559.51
2018-02-23,3275.43,3294.13,3289.02,3258.49,1457903.62,20.46,0.63,3219.166,3265.514,3388.491,1379364.12,1906502.69,2090018.97
2018-02-22,3237.57,3269.92,3268.56,3234.12,1387304.5,69.4,2.17,3187.332,3282.82,3398.433,1600561.75,1968832.88,2140892.15
2018-02-14,3188.25,3203.5,3199.16,3171.38,1003228.25,14.2,0.45,3186.03,3300.662,3408.742,1725625.85,2090607.13,2181546.7
2018-02-13,3176.11,3219.22,3184.96,3176.11,1515276.0,30.83,0.98,3208.05,3328.829,3421.018,2046859.65,2197537.7,2261907.8
2018-02-12,3128.37,3168.13,3154.13,3113.61,1533108.25,24.28,0.78,3245.188,3359.134,3433.599,2304915.4,2232380.08,2291881.74
2018-02-09,3172.85,3180.11,3129.85,3062.74,2563891.75,-132.2,-4.05,3311.862,3396.021,3446.417,2433641.25,2315096.23,2331230.96
2018-02-08,3281.05,3307.16,3262.05,3225.71,2012625.0,-47.21,-1.43,3378.308,3438.849,3461.372,2337104.0,2281405.35,2290068.08
2018-02-07,3412.74,3425.54,3309.26,3304.01,2609397.25,-61.39,-1.82,3415.294,3467.475,3469.536,2455588.4,2323556.28,2276342.89
2018-02-06,3418.01,3440.12,3370.65,3364.22,2805554.75,-116.85,-3.35,3449.608,3492.496,3475.165,2348215.75,2315571.05,2250420.53
2018-02-05,3411.67,3487.72,3487.5,3406.24,2176737.5,25.42,0.73,3473.08,3510.081,3477.327,2159844.75,2273721.48,2205887.07
2018-02-02,3419.22,3463.16,3462.08,3388.86,2081205.5,15.1,0.44,3480.18,3511.467,3473.426,2196551.2,2273535.25,2215132.74
2018-02-01,3478.67,3495.09,3446.98,3424.42,2605047.0,-33.85,-0.97,3499.39,3514.045,3469.91,2225706.7,2312951.43,2217602.81
2018-01-31,3470.51,3495.45,3480.83,3454.73,2072534.0,-7.18,-0.21,3519.656,3516.822,3466.846,2191524.15,2272486.28,2190828.1
2018-01-30,3511.5,3523.05,3488.01,3484.66,1863699.75,-34.99,-0.99,3535.384,3513.206,3461.26,2282926.35,2326277.9,2194119.48
2018-01-29,3563.64,3587.03,3523.0,3510.27,2360269.75,-35.13,-0.99,3547.082,3508.064,3454.276,2387598.2,2351383.4,2202073.92
2018-01-26,3535.49,3574.9,3558.13,3534.2,2226983.0,9.82,0.28,3542.754,3496.813,3443.485,2350519.3,2347365.7,2154853.85
2018-01-25,3555.17,3571.48,3548.31,3528.03,2434134.25,-11.16,-0.31,3528.7,3483.894,3430.397,2400196.15,2298730.8,2131190.54
2018-01-24,3553.48,3569.49,3559.47,3527.11,2529545.0,12.97,0.37,3513.988,3471.597,3416.771,2353448.4,2229129.51,2090821.27
2018-01-23,3504.34,3547.22,3546.5,3504.34,2387059.0,45.14,1.29,3491.028,3457.833,3404.103,2369629.45,2185270.01,2035561.27
2018-01-22,3476.99,3503.39,3501.36,3475.67,2174875.25,13.5,0.39,3469.046,3444.573,3390.801,2315168.6,2138052.66,1989655.14
2018-01-19,3481.62,3498.43,3487.86,3474.29,2475367.25,13.11,0.38,3450.872,3435.385,3380.586,2344212.1,2156730.24,1942935.04
2018-01-18,3449.88,3476.55,3474.75,3448.79,2200395.5,30.08,0.87,3439.088,3425.774,3371.196,2197265.45,2122254.19,1890230.64
2018-01-17,3438.58,3465.2,3444.67,3430.51,2610450.25,8.08,0.23,3429.206,3416.87,3361.839,2104810.63,2109169.93,1849083.42
2018-01-16,3403.47,3437.58,3436.59,3401.96,2114754.75,26.1,0.77,3424.638,3409.314,3354.433,2000910.58,2061961.05,1776130.98
2018-01-15,3428.95,3442.5,3410.49,3402.31,2320092.75,-18.45,-0.54,3420.1,3400.488,3345.999,1960936.73,2052764.44,1730743.43
2018-01-12,3423.88,3435.42,3428.94,3417.98,1740634.0,3.6,0.1,3419.898,3390.156,3338.782,1969248.38,1962342.0,1680209.1
2018-01-11,3415.59,3426.48,3425.34,3405.64,1738121.38,3.51,0.1,3412.46,3376.9,3331.957,2047242.93,1963650.28,1653449.52
2018-01-10,3414.11,3430.21,3421.83,3398.84,2090950.0,7.93,0.23,3404.534,3361.944,3325.842,2113529.23,1952513.03,1622542.78
2018-01-09,3406.11,3417.23,3413.9,3403.59,1914885.5,4.42,0.13,3393.99,3350.373,3318.791,2123011.53,1885852.53,1580297.69
2018-01-08,3391.55,3412.73,3409.48,3384.56,2361651.0,17.73,0.52,3380.876,3337.029,3314.206,2144592.15,1841257.61,1550536.41
2018-01-05,3386.46,3402.07,3391.75,3380.25,2130606.75,6.04,0.18,3360.414,3325.787,3308.231,1955435.63,1729139.84,1499058.51
2018-01-04,3371.0,3392.83,3385.71,3365.3,2069552.88,16.6,0.49,3341.34,3316.618,3302.246,1880057.63,1658207.09,1458581.13
2018-01-03,3347.74,3379.92,3369.11,3345.29,2138361.5,20.78,0.62,3319.354,3306.808,3297.659,1791496.83,1588996.91,1430905.71
2018-01-02,3314.03,3349.05,3348.33,3314.03,2022788.62,41.16,1.25,3306.756,3299.551,3294.387,1648693.53,1490300.9,1428127.06
2017-12-29,3295.25,3308.22,3307.17,3292.77,1415868.38,10.79,0.33,3293.182,3291.51,3292.452,1537923.08,1408722.43,1401014.28
2017-12-28,3272.29,3304.1,3296.38,3263.73,1753716.75,20.6,0.63,3291.16,3287.407,3292.974,1502844.05,1398076.2,1399820.01
2017-12-27,3302.46,3307.08,3275.78,3270.35,1626748.88,-30.34,-0.92,3291.896,3287.013,3294.015,1436356.55,1343248.76,1390432.09
2017-12-26,3277.84,3307.3,3306.12,3274.33,1424345.0,25.66,0.78,3294.262,3289.739,3297.119,1386497.0,1292572.53,1400997.62
2017-12-25,3296.21,3312.3,3280.46,3270.44,1468936.38,-16.6,-0.5,3292.346,3287.208,3298.496,1331908.28,1274742.85,1398904.27
2017-12-22,3297.69,3307.33,3297.06,3293.44,1240473.25,-3.0,-0.09,3289.838,3291.382,3300.584,1279521.78,1259815.2,1408677.04
2017-12-21,3281.12,3309.22,3300.06,3267.4,1421279.25,12.45,0.38,3283.654,3290.675,3303.422,1293308.35,1268977.19,1426438.21
2017-12-20,3296.74,3300.21,3287.61,3276.12,1377451.12,-8.93,-0.27,3282.13,3287.874,3306.015,1250140.98,1258955.16,1463006.94
2017-12-19,3266.02,3296.94,3296.54,3266.02,1151401.38,28.62,0.88,3285.216,3288.509,3313.158,1198648.05,1272814.5,1500917.94
2017-12-18,3268.03,3280.54,3267.92,3254.18,1207003.88,1.78,0.05,3282.07,3289.223,3318.856,1217577.43,1365953.23,1541783.77
2017-12-15,3287.53,3287.53,3266.14,3259.39,1309406.12,-26.3,-0.8,3292.926,3293.393,3325.08,1240108.63,1393306.13,1569695.92
2017-12-14,3302.93,3309.53,3292.44,3282.57,1205442.38,-10.6,-0.32,3297.696,3298.541,3330.918,1244646.03,1401563.81,1628954.69
2017-12-13,3278.4,3304.01,3303.04,3273.32,1119986.5,22.23,0.68,3293.618,3301.016,3336.259,1267769.35,1437615.43,1647024.74
2017-12-12,3320.31,3320.31,3280.81,3280.33,1246048.25,-41.39,-1.25,3291.802,3304.498,3341.233,1346980.95,1509422.71,1675421.45
2017-12-11,3290.49,3322.67,3322.2,3288.29,1319659.88,32.21,0.98,3296.376,3309.783,3348.67,1514329.02,1523065.69,1711355.38
2017-12-08,3264.48,3297.13,3289.99,3258.76,1332093.12,17.94,0.55,3293.86,3309.786,3354.952,1546503.62,1557538.88,1748066.91
2017-12-07,3283.28,3291.28,3272.05,3259.16,1321059.0,-21.91,-0.67,3299.386,3316.169,3362.086,1558481.6,1583899.23,1776100.5
2017-12-06,3291.31,3296.2,3293.96,3254.61,1516044.5,-9.72,-0.29,3308.414,3324.156,3369.873,1607461.5,1667058.73,1789372.76
2017-12-05,3301.69,3315.74,3303.68,3300.51,2082788.62,-5.94,-0.18,3317.194,3337.806,3375.948,1671864.48,1729021.38,1806288.78
2017-12-04,3310.38,3324.0,3309.62,3304.1,1480532.88,-8.0,-0.24,3323.19,3348.488,3381.442,1531802.35,1717614.31,1797435.22
2017-12-01,3315.11,3324.52,3317.62,3302.44,1391983.0,0.43,0.01,3325.712,3356.766,3385.37,1568574.13,1746085.71,1800726.81
2017-11-30,3328.64,3340.92,3317.19,3306.28,1565958.5,-20.67,-0.62,3332.952,3363.295,3388.076,1609316.85,1856345.56,1817485.05
2017-11-29,3335.57,3343.06,3337.86,3305.57,1838059.38,4.2,0.13,3339.898,3371.501,3391.382,1726655.95,1856434.05,1822619.26
2017-11-28,3311.23,3333.8,3333.66,3300.78,1382478.0,11.43,0.34,3358.418,3377.967,3394.284,1786178.27,1841420.19,1820999.35
2017-11-27,3346.66,3347.05,3322.23,3315.26,1664391.75,-31.59,-0.94,3373.786,3387.556,3397.268,1903426.27,1899645.06,1828624.55
2017-11-24,3340.38,3360.75,3353.82,3328.33,1595696.62,1.9,0.06,3387.82,3400.117,3400.674,1923597.3,1938594.94,1849579.61
2017-11-23,3425.01,3429.42,3351.92,3342.33,2152654.0,-78.54,-2.29,3393.638,3408.002,3403.823,2103374.28,1968301.78,1854923.36
2017-11-22,3417.33,3442.18,3430.46,3404.29,2135671.0,19.96,0.58,3403.104,3415.589,3406.606,1986212.15,1911686.8,1839174.98
2017-11-21,3382.36,3419.8,3410.5,3377.6,1968718.0,18.1,0.53,3397.516,3414.089,3404.928,1896662.1,1883556.18,1793957.04
2017-11-20,3361.36,3393.11,3392.4,3337.12,1765246.88,9.49,0.28,3401.326,3414.396,3403.815,1895863.85,1877256.13,1765469.89
2017-11-17,3392.68,3403.29,3382.91,3373.3,2494581.5,-16.34,-0.48,3412.414,3413.973,3403.23,1953592.58,1855367.9,1742630.69
2017-11-16,3393.19,3409.65,3399.25,3390.59,1566843.38,-3.27,-0.1,3422.366,3412.856,3403.017,1833229.28,1778624.54,1681488.04
2017-11-15,3416.21,3423.75,3402.52,3396.38,1687920.75,-27.03,-0.79,3428.074,3411.262,3401.563,1837161.45,1788804.46,1682384.13
2017-11-14,3446.55,3450.49,3429.55,3419.69,1964726.75,-18.29,-0.53,3430.662,3410.601,3400.527,1870450.25,1800578.51,1676602.48
2017-11-13,3435.18,3449.16,3447.84,3435.08,2053890.5,15.17,0.44,3427.466,3406.98,3397.651,1858648.4,1757604.04,1641057.01
2017-11-10,3423.18,3438.79,3432.67,3414.33,1892765.0,4.88,0.14,3415.532,3401.23,3394.183,1757143.22,1760564.28,1625527.79
2017-11-09,3410.67,3428.77,3427.79,3408.62,1586504.25,12.33,0.36,3403.346,3399.644,3392.075,1724019.8,1741544.95,1600866.93
2017-11-08,3409.15,3434.49,3415.46,3404.88,1854364.75,1.89,0.06,3394.45,3397.622,3389.991,1740447.47,1766663.15,1602446.4
2017-11-07,3389.47,3415.15,3413.57,3387.95,1905717.5,25.4,0.75,3390.54,3395.766,3388.632,1730706.77,1704357.9,1600466.51
2017-11-06,3369.69,3389.38,3388.17,3356.53,1546364.62,16.43,0.49,3386.494,3393.234,3387.103,1656559.67,1653683.66,1594892.56
2017-11-03,3377.74,3380.57,3371.74,3347.36,1727147.88,-11.57,-0.34,3386.928,3392.487,3386.413,1763985.33,1629893.49,1613442.36
2017-11-02,3391.65,3391.65,3383.31,3372.21,1668642.62,-12.6,-0.37,3395.942,3393.178,3385.273,1759070.1,1584351.55,1599516.18
2017-11-01,3393.97,3410.35,3395.91,3388.6,1805661.25,2.57,0.08,3400.794,3391.864,3383.09,1792878.83,1575963.79,1590806.2
2017-10-31,3381.0,3397.1,3393.34,3376.12,1534982.0,3.0,0.09,3400.992,3390.452,3380.558,1678009.03,1552626.45,1572066.61
2017-10-30,3413.87,3419.73,3390.34,3357.28,2083492.88,-26.47,-0.78,3399.974,3388.322,3378.07,1650807.65,1524509.98,1561631.81
2017-10-27,3404.5,3421.1,3416.81,3402.11,1702571.75,9.24,0.27,3398.046,3387.135,3375.63,1495801.65,1490491.31,1542267.81
2017-10-26,3397.52,3414.24,3407.57,3391.45,1837686.25,10.67,0.31,3390.414,3384.506,3372.416,1409633.0,1460188.9,1546756.23
2017-10-25,3384.86,3398.3,3396.9,3382.03,1231312.25,8.65,0.26,3382.934,3382.359,3369.928,1359048.75,1438229.65,1553596.27
2017-10-24,3376.6,3388.69,3388.25,3374.12,1398975.12,7.55,0.22,3379.912,3381.497,3368.383,1427243.88,1496575.13,1588128.99
2017-10-23,3382.28,3385.29,3380.7,3374.71,1308462.88,2.05,0.06,3376.67,3380.971,3366.813,1398212.3,1536101.45,1613745.08
2017-10-20,3363.51,3379.77,3378.65,3360.1,1271728.5,8.48,0.25,3376.224,3380.339,3365.921,1485180.98,1596991.23,1643481.77
2017-10-19,3374.64,3378.74,3370.17,3359.63,1584765.0,-11.62,-0.34,3378.598,3377.368,3364.669,1510744.8,1614680.81,1689778.26
2017-10-18,3373.53,3383.23,3381.79,3371.92,1572287.88,9.75,0.29,3381.784,3374.315,3364.732,1517410.55,1605648.61,1721193.24
2017-10-17,3373.23,3382.41,3372.04,3365.56,1253817.25,-6.43,-0.19,3383.082,3370.663,3364.85,1565906.37,1591506.78,1739854.21
2017-10-16,3393.21,3400.51,3378.47,3374.77,1743306.25,-12.05,-0.35,3385.272,3367.817,3365.223,1673990.6,1598753.65,1813618.51
2017-10-13,3384.49,3395.75,3390.52,3383.24,1399547.62,4.42,0.13,3384.454,3364.125,3365.12,1708801.47,1594044.31,1835958.71
2017-10-12,3385.53,3390.2,3386.1,3372.53,1618093.75,-2.18,-0.06,3376.138,3360.326,3363.856,1718616.83,1633323.56,1865183.92
2017-10-11,3381.49,3395.78,3388.28,3379.16,1814767.0,5.29,0.16,3366.846,3357.497,3362.826,1693886.68,1668962.89,1894838.57
2017-10-10,3373.34,3384.03,3382.99,3358.8,1794238.38,8.61,0.26,3358.244,3355.269,3362.682,1617107.18,1679682.85,1918645.61
2017-10-09,3403.25,3410.17,3374.38,3366.97,1917360.62,25.44,0.76,3350.362,3352.654,3362.748,1523516.7,1691388.7,1937210.16
2017-09-29,3340.31,3357.02,3348.94,3340.31,1448624.38,9.3,0.28,3343.796,3351.502,3363.008,1479287.15,1689972.31,1975056.06
2017-09-28,3343.84,3344.6,3339.64,3336.18,1494443.0,-5.63,-0.17,3344.514,3351.97,3363.917,1548030.3,1764875.7,2043873.63
2017-09-27,3340.82,3349.69,3345.27,3340.3,1430869.5,1.69,0.05,3348.148,3355.149,3364.976,1644039.1,1836737.88,2086361.36
2017-09-26,3336.35,3347.16,3343.58,3332.6,1326286.0,2.03,0.06,3352.294,3359.037,3365.894,1742258.52,1888201.64,2138249.54
2017-09-25,3344.59,3350.96,3341.55,3334.94,1696212.88,-10.98,-0.33,3354.946,3362.628,3366.976,1859260.7,2028483.36,2181687.5
2017-09-22,3347.16,3356.45,3352.53,3334.98,1792340.12,-5.28,-0.16,3359.208,3366.115,3368.031,1900657.47,2077873.1,2225607.58
2017-09-21,3364.7,3377.88,3357.81,3356.88,1974487.0,-8.19,-0.24,3359.426,3367.386,3366.981,1981721.1,2097044.28,2238910.32
2017-09-20,3352.18,3370.1,3366.0,3346.54,1921966.62,9.16,0.27,3362.15,3368.155,3362.666,2029436.65,2120714.25,2221920.44
2017-09-19,3365.53,3370.4,3356.84,3344.71,1911296.88,-6.02,-0.18,3365.78,3370.094,3358.751,2034144.75,2157608.36,2215738.21
2017-09-18,3352.51,3371.75,3362.86,3352.51,1903196.75,9.24,0.28,3370.31,3372.842,3355.42,2197706.02,2183031.63,2213442.36
2017-09-15,3365.15,3365.53,3353.62,3345.33,2197658.25,-17.81,-0.53,3373.022,3374.514,3351.623,2255088.72,2260139.8,2211343.77
2017-09-14,3383.47,3391.64,3371.43,3361.33,2213064.75,-12.72,-0.38,3375.346,3375.864,3347.378,2212367.45,2322871.55,2197022.1
2017-09-13,3374.72,3387.14,3384.15,3366.54,1945507.12,4.66,0.14,3374.16,3374.802,3342.228,2211991.85,2335984.85,2188180.14
2017-09-12,3381.49,3391.07,3379.49,3370.85,2729103.25,3.07,0.09,3374.408,3372.75,3335.343,2281071.98,2388297.44,2179330.81
2017-09-11,3365.35,3384.81,3376.42,3360.05,2190110.25,11.18,0.33,3375.374,3371.324,3328.931,2168357.23,2334891.64,2134024.65
2017-09-08,3364.43,3380.89,3365.24,3353.69,1984051.88,-0.26,-0.01,3376.006,3369.947,3321.978,2265190.88,2373342.06,2119692.53
2017-09-07,3383.63,3387.8,3365.5,3363.18,2211186.75,-19.89,-0.59,3376.382,3366.575,3314.143,2433375.65,2380776.36,2151971.44
2017-09-06,3372.43,3391.01,3385.39,3364.76,2290907.75,1.07,0.03,3375.444,3357.176,3308.956,2459977.85,2323126.63,2161754.41
2017-09-05,3377.2,3390.82,3384.32,3371.57,2165529.5,4.74,0.14,3371.092,3347.407,3303.465,2495522.9,2273868.06,2165007.98
2017-09-04,3369.72,3381.4,3379.58,3359.13,2674278.5,12.46,0.37,3367.274,3337.998,3298.342,2501426.05,2243853.1,2182753.26
2017-09-01,3365.99,3381.93,3367.12,3358.47,2824975.75,6.31,0.19,3363.888,3328.731,3293.336,2481493.25,2162547.74,2164626.03
2017-08-31,3361.46,3367.36,3360.81,3340.69,2344197.75,-2.82,-0.08,3356.768,3318.891,3288.084,2328177.08,2071172.65,2161330.41
2017-08-30,3361.82,3376.65,3363.63,3357.08,2468633.0,-1.6,-0.05,3338.908,3309.653,3283.69,2186275.4,2040375.43,2160759.03
2017-08-29,3362.06,3374.59,3365.23,3354.46,2195045.25,2.58,0.08,3323.722,3297.935,3279.762,2052213.23,1970364.18,2170692.69
2017-08-28,3336.13,3375.03,3362.65,3336.13,2574614.5,31.13,0.93,3308.722,3286.538,3276.132,1986280.15,1933157.65,2179537.73
2017-08-25,3271.46,3331.91,3331.52,3271.46,2058394.88,60.01,1.83,3293.574,3274.009,3271.651,1843602.23,1866043.0,2173826.73
2017-08-24,3287.96,3297.99,3271.51,3266.36,1634689.38,-16.19,-0.49,3281.014,3261.711,3267.737,1814168.23,1923166.51,2162020.42
2017-08-23,3283.8,3299.46,3287.7,3274.44,1798322.12,-2.53,-0.08,3280.398,3260.735,3266.651,1894475.45,2000382.2,2194528.93
2017-08-22,3287.61,3293.48,3290.23,3274.94,1865379.88,3.32,0.1,3272.148,3259.522,3264.649,1888515.13,2056147.89,2211383.82
2017-08-21,3274.58,3287.52,3286.91,3270.48,1861224.88,18.19,0.56,3264.354,3258.686,3262.322,1880035.15,2121653.43,2220901.76
2017-08-18,3253.24,3275.08,3268.72,3248.08,1911224.88,0.29,0.01,3254.444,3257.941,3260.507,1888483.78,2166704.31,2244368.72
2017-08-17,3253.85,3269.14,3268.43,3251.46,2036225.5,21.98,0.68,3242.408,3257.277,3258.97,2032164.8,2251488.18,2251809.1
2017-08-16,3247.85,3248.79,3246.45,3228.87,1768520.5,-4.81,-0.15,3241.072,3257.727,3257.791,2106288.95,2281142.63,2266052.03
2017-08-15,3235.23,3263.59,3251.26,3235.1,1822980.0,13.9,0.43,3246.896,3261.588,3257.018,2223780.65,2371021.2,2313836.36
2017-08-14,3206.04,3240.05,3237.36,3206.04,1903468.0,28.82,0.9,3253.018,3265.726,3253.833,2363271.7,2425917.8,2317998.89
2017-08-11,3237.92,3245.12,3208.54,3200.75,2629630.0,-53.21,-1.63,3261.438,3269.293,3250.788,2444924.85,2481610.45,2355928.13
2017-08-10,3269.73,3282.52,3261.75,3236.18,2406846.25,-13.82,-0.42,3272.146,3273.763,3251.482,2470811.55,2400874.33,2304510.02
2017-08-09,3277.81,3277.94,3275.57,3263.85,2355979.0,-6.3,-0.19,3274.382,3272.566,3249.303,2455996.3,2388675.65,2281819.51
2017-08-08,3277.19,3285.48,3281.87,3269.66,2520435.25,2.41,0.07,3276.28,3269.776,3245.401,2518261.75,2366619.75,2257471.0
2017-08-07,3257.67,3280.1,3279.46,3243.72,2311733.75,17.38,0.53,3278.434,3265.958,3241.46,2488563.9,2320150.1,2225367.87
2017-08-04,3269.32,3287.19,3262.08,3261.31,2759063.5,-10.85,-0.33,3277.148,3263.072,3238.118,2518296.05,2322033.13,2209245.19
2017-08-03,3279.99,3293.37,3272.93,3262.16,2332770.0,-12.13,-0.37,3275.38,3260.662,3235.912,2330937.1,2252130.03,2159649.72
2017-08-02,3288.52,3305.43,3285.06,3282.04,2667306.25,-7.58,-0.23,3270.75,3257.855,3232.888,2321355.0,2250961.43,2130915.86
2017-08-01,3274.37,3292.64,3292.64,3273.5,2371946.0,19.61,0.6,3263.272,3252.447,3228.991,2214977.75,2256651.53,2071698.79
2017-07-31,3252.75,3276.95,3273.03,3251.19,2460394.5,19.79,0.61,3253.482,3241.94,3223.499,2151736.3,2210079.99,2023658.97
2017-07-28,3240.17,3256.37,3253.24,3232.96,1822268.75,3.46,0.11,3248.996,3232.283,3219.643,2125770.2,2230245.81,1970792.11
2017-07-27,3243.77,3251.93,3249.78,3220.64,2284859.5,2.11,0.07,3245.944,3229.201,3216.603,2173322.95,2208145.71,1940410.94
2017-07-26,3244.46,3264.85,3247.67,3228.04,2135420.0,3.98,0.12,3244.96,3226.039,3213.517,2180567.85,2174963.37,1890545.7
2017-07-25,3249.14,3261.65,3243.69,3233.14,2055738.75,-6.91,-0.21,3241.622,3221.026,3209.793,2298325.3,2148322.25,1857033.06
2017-07-24,3230.9,3261.1,3250.6,3230.07,2330564.0,12.62,0.39,3230.398,3216.961,3207.169,2268423.67,2130585.64,1828346.72
2017-07-21,3236.59,3247.71,3237.98,3231.96,2060032.5,-6.88,-0.21,3215.57,3213.164,3203.911,2334721.42,2096457.25,1798608.13
2017-07-20,3227.51,3246.24,3244.86,3225.43,2321084.0,13.88,0.43,3212.458,3211.162,3199.905,2242968.47,2067169.41,1773028.33
2017-07-19,3181.4,3232.94,3230.98,3179.73,2724207.25,43.41,1.36,3207.118,3207.92,3195.035,2169358.9,2010870.3,1752646.13
2017-07-18,3159.73,3187.67,3187.57,3150.13,1906230.62,11.11,0.35,3200.43,3205.535,3191.296,1998319.2,1886746.06,1684779.9
2017-07-17,3219.79,3230.35,3176.46,3139.5,2662052.75,-45.96,-1.43,3203.524,3205.058,3188.918,1992747.6,1837237.96,1660064.27
2017-07-14,3212.03,3222.98,3222.42,3204.85,1601267.75,4.26,0.13,3210.758,3207.003,3187.314,1858193.07,1711338.4,1594407.51
2017-07-13,3192.36,3219.27,3218.16,3190.34,1953036.12,20.62,0.65,3209.866,3204.004,3182.351,1891370.35,1672676.16,1579170.5
2017-07-12,3201.93,3215.2,3197.54,3177.93,1869008.75,-5.5,-0.17,3208.722,3200.994,3178.068,1852381.7,1606128.02,1554995.82
2017-07-11,3201.52,3226.91,3203.04,3199.22,1878372.62,-9.59,-0.3,3210.64,3198.56,3174.724,1775172.92,1565743.87,1530718.91
2017-07-10,3208.46,3223.34,3212.63,3203.21,1989280.12,-5.33,-0.17,3206.592,3197.376,3172.259,1681728.32,1526107.81,1500959.41
2017-07-07,3203.82,3219.52,3217.96,3195.29,1767154.12,5.52,0.17,3203.248,3194.657,3168.622,1564483.72,1500759.01,1474860.12
2017-07-06,3203.86,3215.95,3212.44,3188.77,1758092.88,5.31,0.17,3198.142,3188.648,3165.644,1453981.98,1478887.25,1466570.58
2017-07-05,3179.22,3207.31,3207.13,3174.71,1482964.88,24.33,0.76,3193.266,3182.149,3162.538,1359874.35,1494421.96,1454804.77
2017-07-04,3192.89,3193.06,3182.8,3174.31,1411149.62,-13.11,-0.41,3186.48,3177.057,3159.198,1356314.82,1482813.74,1467271.03
2017-07-03,3192.0,3196.29,3195.91,3177.02,1403057.12,3.48,0.11,3188.16,3172.778,3155.164,1370487.3,1482890.57,1453433.53
2017-06-30,3176.95,3193.24,3192.43,3171.57,1214645.38,4.37,0.14,3186.066,3167.624,3149.952,1437034.3,1477476.62,1449565.82
2017-06-29,3174.98,3188.77,3188.06,3174.28,1287554.75,14.86,0.47,3179.154,3160.698,3145.607,1503792.52,1485664.85,1460086.02
2017-06-28,3183.63,3193.44,3173.2,3170.79,1465167.25,-18.0,-0.56,3171.032,3155.141,3141.335,1628969.57,1503863.62,1477216.14
2017-06-27,3183.42,3193.46,3191.2,3172.46,1482012.0,5.76,0.18,3167.634,3150.888,3138.534,1609312.65,1495693.94,1480432.99
2017-06-26,3157.0,3187.89,3185.44,3156.98,1735792.12,27.57,0.87,3157.396,3147.142,3134.477,1595293.85,1475811.01,1484294.14
2017-06-23,3138.44,3158.05,3157.87,3118.09,1548436.5,10.42,0.33,3149.182,3142.586,3130.597,1517918.95,1448961.22,1493200.45
2017-06-22,3152.24,3186.98,3147.45,3146.64,1913440.0,-8.76,-0.28,3142.242,3142.639,3125.907,1467537.17,1454253.91,1485685.3
2017-06-21,3148.99,3157.03,3156.21,3132.62,1366882.62,16.2,0.52,3139.25,3142.927,3121.632,1378757.67,1415187.57,1479168.6
2017-06-20,3148.02,3150.46,3140.01,3134.61,1411918.0,-4.36,-0.14,3134.142,3141.338,3117.606,1382075.22,1451728.32,1487666.33
2017-06-19,3122.16,3146.77,3144.37,3121.78,1348917.62,21.2,0.68,3136.888,3137.55,3115.137,1356328.17,1423976.49,1481888.04
2017-06-16,3126.37,3134.25,3123.17,3117.86,1296527.62,-9.32,-0.3,3135.99,3132.279,3112.425,1380003.5,1421655.02,1488752.18
2017-06-15,3125.59,3137.59,3132.49,3117.08,1469542.5,1.82,0.06,3143.036,3130.516,3111.489,1440970.65,1434507.19,1508262.88
2017-06-14,3146.75,3149.17,3130.67,3125.35,1383470.38,-23.07,-0.73,3146.604,3127.529,3110.512,1451617.48,1450568.66,1521673.54
2017-06-13,3134.01,3155.99,3153.74,3131.04,1283182.75,13.86,0.44,3148.534,3126.18,3108.49,1521381.42,1465172.05,1520330.38
2017-06-12,3149.53,3164.95,3139.88,3135.31,1467294.25,-18.52,-0.59,3138.212,3121.812,3104.979,1491624.8,1492777.26,1536013.29
2017-06-09,3147.45,3165.92,3158.4,3146.11,1601363.38,8.07,0.26,3128.568,3118.607,3101.06,1463306.55,1537439.68,1558319.53
2017-06-08,3136.47,3153.26,3150.33,3132.83,1522776.62,10.01,0.32,3117.996,3109.175,3095.779,1428043.72,1517116.69,1558648.59
2017-06-07,3101.76,3140.77,3140.32,3098.95,1732290.12,38.19,1.23,3108.454,3100.337,3092.289,1449519.85,1543149.63,1550043.09
2017-06-06,3084.54,3102.86,3102.13,3078.79,1134399.62,10.47,0.34,3103.826,3093.873,3089.204,1408962.67,1523604.34,1553692.04
2017-06-05,3102.11,3105.51,3091.66,3084.83,1325703.0,-13.88,-0.45,3105.412,3092.723,3089.249,1493929.73,1539799.6,1585078.88
2017-06-02,3094.23,3110.39,3105.54,3081.85,1425049.25,2.92,0.09,3108.646,3092.571,3091.035,1611572.8,1555849.34,1607777.47
2017-06-01,3108.42,3113.52,3102.62,3097.68,1630157.25,-14.56,-0.47,3100.354,3092.461,3092.525,1606189.65,1582018.58,1618406.97
2017-05-31,3125.33,3143.28,3117.18,3111.56,1529504.25,7.12,0.23,3092.22,3093.495,3094.58,1636779.4,1592778.41,1614010.59
2017-05-26,3101.29,3120.66,3110.06,3100.39,1559234.88,2.23,0.07,3083.92,3090.8,3096.454,1638246.0,1575488.71,1618980.33
2017-05-25,3055.34,3114.66,3107.83,3052.83,1913918.38,43.75,1.43,3080.034,3088.145,3098.56,1585669.48,1579249.33,1646915.12
2017-05-24,3047.57,3064.81,3064.08,3022.3,1398133.5,2.13,0.07,3076.496,3083.512,3100.211,1500125.88,1579199.39,1636158.26
2017-05-23,3069.39,3084.24,3061.95,3050.84,1783106.0,-13.73,-0.45,3084.568,3082.383,3103.736,1557847.5,1600180.49,1642960.74
2017-05-22,3087.17,3103.94,3075.68,3063.15,1536837.25,-14.95,-0.48,3094.77,3084.241,3107.115,1548777.42,1556936.56,1646944.16
2017-05-19,3086.71,3095.48,3090.63,3081.28,1296352.25,0.49,0.02,3097.68,3084.534,3111.988,1512731.42,1583779.74,1652483.16
2017-05-18,3082.33,3103.44,3090.14,3077.96,1486200.38,-14.3,-0.46,3096.256,3085.775,3116.062,1572829.17,1630358.15,1683102.54
2017-05-17,3107.8,3119.58,3104.44,3101.3,1686741.62,-8.52,-0.27,3090.528,3089.498,3120.089,1658272.9,1659705.6,1715411.56
2017-05-16,3082.87,3113.51,3112.96,3060.53,1737755.62,22.73,0.74,3080.198,3092.589,3124.703,1642513.47,1654795.36,1725405.16
2017-05-15,3085.93,3098.91,3090.23,3085.93,1356607.25,6.72,0.22,3073.712,3095.664,3130.163,1565095.7,1635242.76,1744885.98
2017-05-12,3054.11,3090.49,3083.51,3051.87,1596841.0,22.01,0.72,3071.388,3102.107,3137.955,1654828.05,1662471.94,1784309.89
2017-05-11,3036.79,3063.56,3061.5,3016.53,1913419.0,8.71,0.28,3075.294,3108.975,3147.578,1687887.13,1714580.91,1808141.28
2017-05-10,3078.17,3090.82,3052.79,3051.59,1607944.5,-27.74,-0.9,3088.468,3116.91,3158.194,1661138.3,1693117.13,1847161.23
2017-05-09,3064.85,3084.21,3080.53,3056.56,1350666.75,1.92,0.06,3104.98,3125.088,3170.003,1667077.25,1685740.99,1907404.63
2017-05-08,3090.07,3093.45,3078.61,3067.69,1805269.0,-24.43,-0.79,3117.616,3129.988,3174.712,1705389.83,1736951.75,1936706.62
2017-05-05,3114.77,3117.61,3103.04,3092.09,1762136.38,-24.33,-0.78,3132.826,3139.442,3180.051,1670115.83,1721186.59,1944008.71
2017-05-04,3127.11,3143.82,3127.37,3111.39,1779674.88,-7.98,-0.26,3142.656,3146.348,3184.581,1741274.7,1735846.94,1954707.08
2017-05-03,3138.31,3148.29,3135.35,3123.75,1637639.25,-8.36,-0.27,3145.352,3150.68,3188.157,1725095.95,1771117.53,1965646.59
2017-05-02,3147.23,3154.78,3143.71,3136.54,1542229.62,-10.95,-0.35,3145.196,3156.816,3191.677,1704404.72,1796014.95,1987513.75
2017-04-28,3144.02,3154.73,3154.66,3136.58,1628899.0,2.47,0.08,3142.36,3164.662,3195.104,1768513.67,1854529.19,2019319.76
2017-04-27,3131.35,3155.0,3152.19,3097.33,2117930.75,11.34,0.36,3146.058,3173.803,3198.215,1772257.35,1906147.84,2049352.13
2017-04-26,3132.92,3152.95,3140.85,3131.42,1698781.12,6.28,0.2,3150.04,3186.18,3202.05,1730419.18,1901701.64,2043637.24
2017-04-25,3123.89,3145.27,3134.57,3117.45,1534183.12,5.04,0.16,3156.008,3199.478,3207.614,1817139.1,2001205.33,2074987.8
2017-04-24,3164.25,3164.25,3129.53,3111.21,1862774.38,-43.62,-1.38,3168.436,3214.918,3214.918,1887625.18,2129068.26,2129068.26
2017-04-21,3170.29,3180.79,3173.15,3158.63,1647617.38,1.05,0.03,3186.964,3224.406,3224.406,1940544.7,2158656.47,2158656.47
2017-04-20,3165.67,3178.18,3172.1,3148.18,1908739.88,1.41,0.04,3201.548,3230.813,3230.813,2040038.33,2222536.36,2222536.36
2017-04-19,3184.67,3189.44,3170.69,3147.07,2132380.75,-26.02,-0.81,3222.32,3239.2,3239.2,2072984.1,2267364.43,2267364.43
2017-04-18,3215.4,3225.05,3196.71,3196.49,1886613.5,-25.46,-0.79,3242.948,3250.618,3250.618,2185271.55,2289861.71,2289861.71
2017-04-17,3229.95,3229.95,3222.17,3199.91,2127372.0,-23.9,-0.74,3261.4,3261.4,3261.4,2370511.35,2370511.35,2370511.35
2017-04-14,3276.14,3276.71,3246.07,3238.9,2145085.5,-29.89,-0.91,3271.208,3271.208,3271.208,2431296.19,2431296.19,2431296.19
2017-04-13,3265.22,3281.14,3275.96,3261.49,2073468.75,2.13,0.07,3279.587,3279.587,3279.587,2526699.75,2526699.75,2526699.75
2017-04-12,3283.84,3284.93,3273.83,3262.28,2693818.0,-15.14,-0.46,3281.4,3281.4,3281.4,2753315.25,2753315.25,2753315.25
2017-04-11,3266.22,3290.39,3288.97,3244.4,2812812.5,19.58,0.6,3288.97,3288.97,3288.97,2812812.5,2812812.5,2812812.5
